-- MySQL dump 10.13  Distrib 8.0.31, for Linux (x86_64)
--
-- Host: localhost    Database: beehive
-- ------------------------------------------------------
-- Server version	8.0.31-0ubuntu0.22.04.1

/*!40101 SET @OLD_CHARACTER_SET_CLIENT=@@CHARACTER_SET_CLIENT */;
/*!40101 SET @OLD_CHARACTER_SET_RESULTS=@@CHARACTER_SET_RESULTS */;
/*!40101 SET @OLD_COLLATION_CONNECTION=@@COLLATION_CONNECTION */;
/*!50503 SET NAMES utf8mb4 */;
/*!40103 SET @OLD_TIME_ZONE=@@TIME_ZONE */;
/*!40103 SET TIME_ZONE='+00:00' */;
/*!40014 SET @OLD_UNIQUE_CHECKS=@@UNIQUE_CHECKS, UNIQUE_CHECKS=0 */;
/*!40014 SET @OLD_FOREIGN_KEY_CHECKS=@@FOREIGN_KEY_CHECKS, FOREIGN_KEY_CHECKS=0 */;
/*!40101 SET @OLD_SQL_MODE=@@SQL_MODE, SQL_MODE='NO_AUTO_VALUE_ON_ZERO' */;
/*!40111 SET @OLD_SQL_NOTES=@@SQL_NOTES, SQL_NOTES=0 */;

--
-- Temporary view structure for view `Mitarbeiter`
--

DROP TABLE IF EXISTS `Mitarbeiter`;
/*!50001 DROP VIEW IF EXISTS `Mitarbeiter`*/;
SET @saved_cs_client     = @@character_set_client;
/*!50503 SET character_set_client = utf8mb4 */;
/*!50001 CREATE VIEW `Mitarbeiter` AS SELECT 
 1 AS `Vorname`,
 1 AS `Nachname`,
 1 AS `Geburtsdatum`,
 1 AS `Strasse`,
 1 AS `Postleitzahl`,
 1 AS `Stadt`,
 1 AS `Stundenlohn`,
 1 AS `Steuerklasse`,
 1 AS `Anfangsdatum`,
 1 AS `Beitrittsdatum`*/;
SET character_set_client = @saved_cs_client;

--
-- Temporary view structure for view `VerteilungAufSportarten`
--

DROP TABLE IF EXISTS `VerteilungAufSportarten`;
/*!50001 DROP VIEW IF EXISTS `VerteilungAufSportarten`*/;
SET @saved_cs_client     = @@character_set_client;
/*!50503 SET character_set_client = utf8mb4 */;
/*!50001 CREATE VIEW `VerteilungAufSportarten` AS SELECT 
 1 AS `count(mks.Mitgliedsnummer)`,
 1 AS `SportartName`*/;
SET character_set_client = @saved_cs_client;

--
-- Temporary view structure for view `durschnittsAlter`
--

DROP TABLE IF EXISTS `durschnittsAlter`;
/*!50001 DROP VIEW IF EXISTS `durschnittsAlter`*/;
SET @saved_cs_client     = @@character_set_client;
/*!50503 SET character_set_client = utf8mb4 */;
/*!50001 CREATE VIEW `durschnittsAlter` AS SELECT 
 1 AS `Durschnittsalter aller Mitglieder`*/;
SET character_set_client = @saved_cs_client;

--
-- Table structure for table `mitarbeiter`
--

DROP TABLE IF EXISTS `mitarbeiter`;
/*!40101 SET @saved_cs_client     = @@character_set_client */;
/*!50503 SET character_set_client = utf8mb4 */;
CREATE TABLE `mitarbeiter` (
  `Anfangsdatum` date NOT NULL,
  `Stundenlohn` float NOT NULL,
  `Steuerklasse` int NOT NULL,
  `Rolle` varchar(50) NOT NULL,
  `Mitgliedsnummer` int DEFAULT NULL,
  KEY `Mitgliedsnummer` (`Mitgliedsnummer`),
  CONSTRAINT `mitarbeiter_ibfk_1` FOREIGN KEY (`Mitgliedsnummer`) REFERENCES `mitglieder` (`Mitgliedsnummer`)
) ENGINE=InnoDB DEFAULT CHARSET=utf8mb4 COLLATE=utf8mb4_0900_ai_ci;
/*!40101 SET character_set_client = @saved_cs_client */;

--
-- Dumping data for table `mitarbeiter`
--

LOCK TABLES `mitarbeiter` WRITE;
/*!40000 ALTER TABLE `mitarbeiter` DISABLE KEYS */;
INSERT INTO `mitarbeiter` VALUES ('2019-01-01',15,4,'Verwaltungsmitarbeiter',1),('2015-06-01',20,4,'Verwaltungsmitarbeiter',2),('2022-09-01',2.5,1,'Praktikant',3),('2020-06-01',13,4,'Trainer',4),('2019-12-15',13.5,4,'Trainer',5),('2020-06-01',15,4,'Trainer',6),('2000-01-01',25,4,'Trainer',7),('2009-01-15',19,4,'Trainer',8),('2019-01-01',15,4,'Trainer',9),('2015-12-01',15,4,'Hausmeister',10),('2013-11-11',19.5,4,'Verwaltungsitarbeiter',11),('2022-01-01',14.5,4,'Verwaltungsmitarbeiter',12);
/*!40000 ALTER TABLE `mitarbeiter` ENABLE KEYS */;
UNLOCK TABLES;

--
-- Table structure for table `mitglieder`
--

DROP TABLE IF EXISTS `mitglieder`;
/*!40101 SET @saved_cs_client     = @@character_set_client */;
/*!50503 SET character_set_client = utf8mb4 */;
CREATE TABLE `mitglieder` (
  `Mitgliedsnummer` int NOT NULL AUTO_INCREMENT,
  `Vorname` varchar(20) NOT NULL,
  `Nachname` varchar(23) NOT NULL,
  `Strasse` varchar(100) NOT NULL,
  `Stadt` varchar(100) NOT NULL,
  `Postleitzahl` varchar(5) NOT NULL,
  `Geschlecht` varchar(1) NOT NULL,
  `Gewicht` float DEFAULT NULL,
  `Groesse` int DEFAULT NULL,
  `Geburtsdatum` date NOT NULL,
  `IBAN` varchar(34) NOT NULL,
  `Beitrittsdatum` date DEFAULT NULL,
  PRIMARY KEY (`Mitgliedsnummer`)
) ENGINE=InnoDB AUTO_INCREMENT=502 DEFAULT CHARSET=utf8mb4 COLLATE=utf8mb4_0900_ai_ci;
/*!40101 SET character_set_client = @saved_cs_client */;

--
-- Dumping data for table `mitglieder`
--

LOCK TABLES `mitglieder` WRITE;
/*!40000 ALTER TABLE `mitglieder` DISABLE KEYS */;
INSERT INTO `mitglieder` VALUES (1,'Uwe','Schreiber','Budapester Strasse 11','Rastorf','26901','m',96.3,179,'1967-09-28','DE02100500000054540402','2014-07-03'),(2,'Jennifer','Finkel','Schillerstrasse 22','Landsberg','86882','f',86.2,172,'1968-05-03','DE02100500000054540402','2019-04-02'),(3,'Stephanie','Bach','Leopoldstraße 38','Bochum','44791','f',70.9,163,'1957-11-12','DE02100500000054540402','2019-09-25'),(4,'Lukas','Schmitz','Fasanenstrasse 23','Hamburg Neustadt','20355','m',66.1,176,'1987-12-23','DE02100500000054540402','2019-11-29'),(5,'Anja','Mehler','An Der Urania 43','Kellinghusen','25542','f',59.6,156,'1988-05-29','DE02100500000054540402','2019-05-07'),(6,'Maximilian','Eiffel','Kieler Strasse 33','Trostberg','83304','m',109.9,179,'1966-10-14','DE02100500000054540402','2015-12-30'),(7,'Klaus','Köhler','Bissingzeile 75','Bremervörde','27432','m',93.1,182,'1965-03-09','DE02100500000054540402','2012-12-08'),(8,'Anke','Schuhmacher','Straße der Pariser Kommune 83','Dortmund','44269','f',57.2,151,'1940-03-13','DE02100500000054540402','2019-09-14'),(9,'Sabrina','Gerste','Büsingstrasse 34','Grasbrunn','85626','f',78.1,151,'1943-04-09','DE02100500000054540402','2014-09-10'),(10,'Klaudia','Feierabend','Hermannstrasse 28','Heidelberg Kirchheim','69124','f',70.4,155,'1972-11-19','DE02100500000054540402','2017-05-10'),(11,'Erik','Jaeger','Eschenweg 42','Greiz','07966','m',89,170,'1947-03-06','DE02100500000054540402','2009-09-13'),(12,'Philipp','Grunewald','Knesebeckstrasse 49','Ersfeld','57635','m',87.4,177,'1972-02-16','DE02100500000054540402','2011-06-07'),(13,'Petra','Gloeckner','Billwerder Neuer Deich 69','Mitwitz','96266','f',57.2,164,'1937-05-10','DE02100500000054540402','2019-01-22'),(14,'Marco','Ritter','Alt Reinickendorf 88','Ottobeuren','87721','m',85.9,168,'1946-07-26','DE02100500000054540402','2015-12-30'),(15,'Steffen','Eiffel','Nuernbergerstrasse 43','Mnte','23711','m',111.3,179,'1978-11-04','DE02100500000054540402','2013-10-15'),(16,'Daniel','Frueh','Ziegelstr. 35','Simbach','84355','m',108.3,168,'1992-06-26','DE02100500000054540402','2011-12-17'),(17,'Tom','Klug','Ellmenreichstrasse 63','Kulmbach','95302','m',60.2,168,'1948-06-21','DE02100500000054540402','2009-06-08'),(18,'Diana','Bergmann','Unter den Linden 69','Schwerin','19053','f',54.3,157,'1965-03-28','DE02100500000054540402','2014-04-20'),(19,'Uwe','Holzman','Esplanade 86','Amorbach','63916','m',89.5,178,'1965-06-06','DE02100500000054540402','2010-03-08'),(20,'Matthias','Zimmer','Amsinckstrasse 9','Lauta','02989','m',77.5,182,'1965-08-11','DE02100500000054540402','2011-01-05'),(21,'Stefan','Gottlieb','Koenigstrasse 22','Buttstädt','99627','m',87.5,188,'1986-06-04','DE02100500000054540402','2015-07-07'),(22,'Marina','Oster','Rankestraße 99','Manching','85074','f',51.9,152,'2003-10-08','DE02100500000054540402','2011-07-12'),(23,'Uwe','Bader','Spresstrasse 55','Flensburg','24917','m',74.5,181,'1938-05-15','DE02100500000054540402','2014-02-04'),(24,'Sven','Waechter','Alt Reinickendorf 37','Thannhausen','86466','m',83.7,188,'1976-05-15','DE02100500000054540402','2014-11-21'),(25,'Stefanie','Bayer','Ollenhauer Str. 98','Stuttgart Neugereut','70378','f',77.7,159,'1990-09-17','DE02100500000054540402','2011-02-28'),(26,'Dennis','Burger','Boxhagener Str. 9','Hamburg Eimsbüttel','20259','m',63.7,172,'1985-12-18','DE02100500000054540402','2014-02-18'),(27,'Laura','Vogt','Gubener Str. 52','Lenggries','83661','f',91.8,163,'1954-08-07','DE02100500000054540402','2016-03-05'),(28,'Markus','Werner','Luetzowplatz 47','Gindorf','54657','m',61.8,169,'1942-06-14','DE02100500000054540402','2017-06-25'),(29,'Christian','Peters','Güntzelstrasse 82','Piesport','54498','m',69,170,'1949-08-21','DE02100500000054540402','2017-11-14'),(30,'Dennis','Fenstermacher','Flughafenstrasse 54','Amberg','92224','m',93.7,182,'1957-03-26','DE02100500000054540402','2015-11-28'),(31,'Ute','Mahler','Eichendorffstr. 70','Kolbingen','78600','f',57.9,160,'1988-05-08','DE02100500000054540402','2016-12-02'),(32,'Mario','Kalb','Mollstrasse 69','Schwabenheim an der Selz','55270','m',66,168,'1951-08-11','DE02100500000054540402','2015-11-16'),(33,'Anja','Beike','Oldesloer Strasse 8','Büna','07937','f',93.9,155,'1956-04-16','DE02100500000054540402','2019-08-12'),(34,'Felix','Kortig','Lützowplatz 67','Dreis','54518','m',73.8,176,'1951-11-30','DE02100500000054540402','2017-06-06'),(35,'Christin','Krüger','Koenigstrasse 69','Buttstädt','99628','f',99.7,166,'1971-08-22','DE02100500000054540402','2019-04-25'),(36,'Heike','Maier','Flotowstr. 98','Wolfen','06754','f',49.9,172,'1994-09-14','DE02100500000054540402','2011-04-08'),(37,'Patrick','Busch','Paderborner Strasse 59','Mindelheim','87712','m',97.1,179,'1994-01-28','DE02100500000054540402','2013-05-28'),(38,'Sebastian','Vogt','Prenzlauer Allee 62','Leipzig','04205','m',100.7,172,'1974-05-06','DE02100500000054540402','2012-03-18'),(39,'Katharina','Möller','An der Alster 66','Saßnitz','18541','f',90.2,161,'1954-02-11','DE02100500000054540402','2011-11-06'),(40,'Jennifer','Reiniger','Rosenstrasse 75','München','81617','f',99.8,162,'1967-08-23','DE02100500000054540402','2013-08-06'),(41,'Kevin','Theiss','Feldstrasse 28','Amesdorf','39439','m',70.2,167,'1966-08-14','DE02100500000054540402','2011-06-12'),(42,'Max','Zweig','Heinrich Heine Platz 80','Kirschau','02685','m',93.7,172,'1984-12-27','DE02100500000054540402','2019-06-07'),(43,'Nadine','Faerber','Ufnau Strasse 24','Kaltental','87662','f',54.3,161,'1965-11-29','DE02100500000054540402','2017-10-22'),(44,'Luca','Wirtz','Brandenburgische Straße 13','Berlin Lichtenberg','10367','m',60.5,171,'1996-03-04','DE02100500000054540402','2009-09-28'),(45,'Barbara','Fenstermacher','Ufnau Strasse 71','Memmingen','87681','f',62.6,173,'1984-10-02','DE02100500000054540402','2010-04-17'),(46,'Tom','Rothschild','Nuernbergerstrasse 95','Boostedt','24595','m',77.9,173,'1949-02-02','DE02100500000054540402','2013-03-26'),(47,'Marcel','Neumann','Prager Str 47','Fürstenfeldbruck','82247','m',82.1,180,'1951-03-25','DE02100500000054540402','2014-04-15'),(48,'Peter','Dreher','Landsberger Allee 56','München','80061','m',72.2,174,'1971-12-29','DE02100500000054540402','2010-09-25'),(49,'Sara','Sanger','Borstelmannsweg 58','Amberg','92202','f',84.3,164,'1948-11-12','DE02100500000054540402','2013-10-19'),(50,'Anke','Frueh','Lange Strasse 4','Schwarmstedt','29690','f',86.7,164,'1997-11-22','DE02100500000054540402','2015-10-17'),(51,'David','Roth','Mohrenstrasse 29','Riedlingen','88499','m',75.7,173,'1985-11-14','DE02100500000054540402','2016-07-23'),(52,'Swen','Kruger','Fischerinsel 30','Mönchengladbach Waldhausen','41061','m',109.8,174,'1989-01-20','DE02100500000054540402','2014-05-31'),(53,'Birgit','Schmitz','Jenaer Strasse 19','Duisburg','47179','f',95.3,167,'1970-01-14','DE02100500000054540402','2013-05-23'),(54,'Christin','Finkel','Schönhauser Allee 91','Biederbach','79215','f',72.1,164,'1953-10-02','DE02100500000054540402','2014-09-17'),(55,'Daniela','Mueller','Adenauerallee 52','Adamshof','17091','f',74.7,170,'1980-05-03','DE02100500000054540402','2012-05-18'),(56,'Barbara','Weisz','Konstanzer Strasse 51','Heimbuchenthal','63872','f',96.7,164,'1964-01-03','DE02100500000054540402','2020-10-07'),(57,'Lukas','Egger','Frankfurter Allee 3','Neu-Ulm','89209','m',99.3,179,'1950-10-05','DE02100500000054540402','2009-09-07'),(58,'Ute','Baumgartner','Rhinstrasse 7','München','80939','f',78.4,166,'1988-07-20','DE02100500000054540402','2013-02-16'),(59,'Max','Koenig','Paul-Nevermann-Platz 36','Schondra','97795','m',81.1,179,'1972-04-19','DE02120300000000202051','2015-08-04'),(60,'Marko','Hoover','Brandenburgische Str 53','Meckenbach','55767','m',77.4,180,'1949-07-15','DE02100500000054540402','2017-07-23'),(61,'Jürgen','Krüger','Leopoldstraße 43','Berlin Charlottenburg','14059','m',63.1,163,'1949-10-16','DE02100500000054540402','2020-01-08'),(62,'Maximilian','Waechter','Karl-Liebknecht-Strasse 3','Eystrup','27324','m',87.3,175,'1941-11-01','DE02100500000054540402','2014-06-01'),(63,'Phillipp','Neustadt','Rudolstaedter Strasse 8','Hüven','49751','m',70.8,175,'1940-02-17','DE02100500000054540402','2015-01-06'),(64,'Petra','Schneider','Prager Str 31','Mammendorf','82291','f',83.1,166,'1959-09-21','DE02100500000054540402','2010-10-30'),(65,'Maria','Waechter','Frankfurter Allee 50','Neu-Ulm','89209','f',49.5,155,'1943-05-15','DE02100500000054540402','2012-02-06'),(66,'Sophie','Mahler','Fischerinsel 38','Nettetal','41334','f',57.8,167,'1984-11-15','DE02100500000054540402','2019-01-04'),(67,'Gabriele','Schmitt','Mellingburgredder 70','Erlangen','91012','f',69.1,153,'1974-12-25','DE02100500000054540402','2013-09-25'),(68,'Martina','Bar','Messedamm 37','Dresden','01075','f',87.8,169,'1971-09-17','DE02100500000054540402','2014-08-25'),(69,'Brigitte','Blau','Fugger Strasse 63','Grube','14469','f',77.2,174,'1969-07-03','DE02100500000054540402','2011-01-13'),(70,'Tim','Schwartz','Grolmanstraße 70','Bremen Ellener Feld','28327','m',109.8,168,'1995-02-15','DE02100500000054540402','2014-03-23'),(71,'Brigitte','Biermann','Flotowstr. 23','Lutherstadt Eisleben','06290','f',61.2,170,'1993-12-17','DE02100500000054540402','2017-01-07'),(72,'Robert','Vogt','Karl-Liebknecht-Strasse 23','Sudwalde','27257','m',74.3,187,'1965-12-08','DE02100500000054540402','2009-05-31'),(73,'Thorsten','Ebersbach','Michaelkirchstr. 40','Stolzenau','31592','m',72.4,188,'1984-09-20','DE02100500000054540402','2011-01-05'),(74,'Christian','Schröder','Ansbacher Strasse 16','Brauneberg','54472','m',95.7,179,'1951-07-17','DE02100500000054540402','2017-10-28'),(75,'Katharina','Urner','Rudower Chaussee 32','Bamberg','96019','f',53.8,153,'1961-07-02','DE02100500000054540402','2011-01-25'),(76,'Maria','Schulz','Alsterkrugchaussee 16','Veitsbronn','90585','f',88.9,164,'1970-12-10','DE02100500000054540402','2016-11-13'),(77,'Melanie','Werfel','Amsinckstrasse 37','Bagenz','03130','f',67.7,159,'1939-09-13','DE02100500000054540402','2018-02-21'),(78,'Christine','Baer','Kantstraße 48','Meiningen','98606','f',90.4,169,'1982-02-26','DE02100500000054540402','2019-02-04'),(79,'Ursula','Kortig','Pappelallee 80','Börnichen','15907','f',96.1,158,'1989-01-21','DE02100500000054540402','2020-01-18'),(80,'Stephan','Farber','Spresstrasse 36','Bremerhaven Lehe','27576','m',103.1,167,'1955-01-21','DE02100500000054540402','2009-12-11'),(81,'Stephanie','Nacht','Budapester Strasse 56','Trappenkamp','24602','f',62.8,173,'1995-09-22','DE02100500000054540402','2016-08-01'),(82,'Michelle','Eberhardt','Fugger Strasse 10','Koblenz Asterstein','56077','f',57.4,166,'1972-12-24','DE02100500000054540402','2020-01-30'),(83,'Christina','Bieber','Konstanzer Strasse 80','Laufach','63846','f',54.5,173,'1981-10-06','DE02100500000054540402','2017-08-25'),(84,'Kristian','Diederich','Wallstrasse 38','Bad Neuenahr-Ahrweiler','53474','m',66.7,186,'1998-08-16','DE02100500000054540402','2018-12-29'),(85,'Sophie','Frey','Knesebeckstraße 8','Düren','52355','f',68.7,165,'1947-02-23','DE02100500000054540402','2009-01-07'),(86,'Birgit','Lowe','Paderborner Strasse 10','Schrobenhausen','86522','f',71.6,168,'2000-06-19','DE02100500000054540402','2015-02-13'),(87,'Barbara','Frueh','Genslerstraße 59','Berlin Schöneberg','10785','f',56.7,158,'1967-01-14','DE02100500000054540402','2015-07-12'),(88,'Stephan','Fassbinder','Holstenwall 14','Zschornewitz','06788','m',77.3,172,'1944-02-06','DE02100500000054540402','2011-04-12'),(89,'Martina','Nussbaum','Park Str. 90','Düsseldorf Unterbilk','40219','f',52.3,162,'1985-06-08','DE02100500000054540402','2012-10-21'),(90,'Thomas','Neumann','Knesebeckstrasse 26','Peterslahr','57614','m',93.2,183,'1996-06-06','DE02100500000054540402','2009-03-11'),(91,'Karin','Freitag','Konstanzer Strasse 61','Jossgrund','63637','f',50.1,165,'1958-04-19','DE02100500000054540402','2010-07-19'),(92,'Kristin','Wagner','Schillerstrasse 7','Großaitingen','86845','f',97.2,165,'1967-11-09','DE02100500000054540402','2016-02-25'),(93,'Kristian','Abt','Hermannstrasse 30','Worms Pfiffligheim','67549','m',98.2,176,'1953-07-08','DE02100500000054540402','2016-02-10'),(94,'Mario','Zimmerman','Joachimstaler Str. 20','Ehr','56357','m',83.4,171,'1945-01-25','DE02100500000054540402','2011-02-05'),(95,'Maximilian','Shuster','Bayreuther Strasse 52','Ulm Ermingen','89081','m',75.3,173,'2001-05-09','DE02100500000054540402','2010-02-28'),(96,'Melanie','Grunwald','Kurfürstendamm 53','Rostock','18012','f',70.4,152,'1960-07-18','DE02100500000054540402','2020-07-04'),(97,'Ralf','Reiniger','Hedemannstasse 65','Gammertingen','72501','m',85.6,167,'1955-02-08','DE02100500000054540402','2015-01-16'),(98,'Jonas','Kunze','Augsburger Straße 4','Kamen','59174','m',88.6,179,'1948-05-10','DE02100500000054540402','2016-09-11'),(99,'Dirk','Feierabend','Marseiller Strasse 68','Oberammergau','82484','m',67.6,172,'1967-01-25','DE02100500000054540402','2017-05-06'),(100,'Swen','Sankt','Storkower Strasse 55','Freilingen','56244','m',64,173,'2003-04-30','DE02100500000054540402','2015-08-19'),(101,'Anna','Jager','Gubener Str. 54','Oberaudorf','83077','f',76.8,166,'1981-12-28','DE02100500000054540402','2017-02-13'),(102,'Lisa','Unger','Kurfuerstendamm 14','München','80007','f',62.6,167,'2000-08-09','DE02100500000054540402','2017-09-13'),(103,'Max','Scholz','Buelowstrasse 71','Lautzenbrücken','56472','m',94.7,172,'1951-09-19','DE02100500000054540402','2016-02-23'),(104,'Antje','Vogt','Los-Angeles-Platz 17','Schenefeld','22859','f',95.4,174,'1987-05-06','DE02100500000054540402','2018-08-16'),(105,'Klaudia','Pabst','Nuernbergerstrasse 1','Wiefelstede','26215','f',91.1,159,'1966-07-31','DE02100500000054540402','2011-09-04'),(106,'Julia','Diederich','Prenzlauer Allee 30','Naunhof','04681','f',52.9,164,'1989-01-31','DE02100500000054540402','2017-07-03'),(107,'Niklas','Schreiber','Hoheluftchaussee 58','Karsdorf','06638','m',81.9,173,'1950-06-06','DE02100500000054540402','2019-06-29'),(108,'Dominik','Baum','Schönwalder Allee 88','Rodersdorf','38828','m',104,184,'1953-11-18','DE02100500000054540402','2011-12-10'),(109,'Monika','Koch','Meinekestraße 12','Seesen','38723','f',87.6,155,'1984-03-26','DE02100500000054540402','2016-03-24'),(110,'Erik','Drescher','Gotzkowskystrasse 74','Welkenbach','57644','m',89.9,170,'1937-06-30','DE02100500000054540402','2012-04-24'),(111,'Daniela','Biermann','Rudolstaedter Strasse 97','Frammersbach','97830','f',78.7,155,'1983-09-15','DE02100500000054540402','2015-11-19'),(112,'Luca','Metzger','Pasewalker Straße 8','Pforzheim Arlinger','75179','m',109.1,189,'1979-11-30','DE02100500000054540402','2009-06-21'),(113,'Anna','Muench','Bleibtreustraße 29','Weilheim','79809','f',55.6,155,'1963-02-20','DE02100500000054540402','2014-09-16'),(114,'Anja','Schreiber','Lietzensee-Ufer 89','Elsterwerda','04906','f',84.7,171,'1949-12-28','DE02100500000054540402','2012-02-14'),(115,'Bernd','Theissen','Budapester Straße 90','Simmern/ Hunsrück','55469','m',88.4,174,'1979-08-12','DE02100500000054540402','2019-06-26'),(116,'Felix','Schultheiss','Kirchenallee 70','Rattenberg','94371','m',102.1,167,'1953-10-07','DE02100500000054540402','2016-01-14'),(117,'Ulrich','Reinhardt','Eichendorffstr. 58','Konstanz Wallhausen','78465','m',94,178,'1999-12-07','DE02100500000054540402','2012-09-27'),(118,'Daniel','Achen','Rudower Strasse 96','Bleialf','54608','m',73.1,171,'1951-10-21','DE02100500000054540402','2018-08-03'),(119,'Jörg','Klug','Wallstrasse 42','Oberzissen','56651','m',73.8,165,'1956-12-05','DE02100500000054540402','2009-09-17'),(120,'Max','Sommer','Genslerstraße 84','Berlin Weißensee','13086','m',108.7,178,'1955-01-13','DE02100500000054540402','2019-10-22'),(121,'Ute','Bürger','Augsburger Straße 60','Kamen','59174','f',86.4,166,'1965-06-28','DE02100500000054540402','2012-11-18'),(122,'Benjamin','Jaeger','Brandenburgische Strasse 48','Bobenheim am Berg','67273','m',93,169,'1987-07-05','DE02100500000054540402','2019-12-31'),(123,'Sven','Busch','Billwerder Neuer Deich 47','Nordhalben','96365','m',104.9,185,'1958-06-29','DE02100500000054540402','2016-04-29'),(124,'Claudia','Friedman','Neuer Jungfernstieg 34','Pfeffenhausen','84073','f',81,158,'1998-10-23','DE02100500000054540402','2012-08-23'),(125,'Lea','Hueber','Luebecker Strasse 58','Kirchlauter','96166','f',79.8,171,'1955-11-17','DE02100500000054540402','2017-03-28'),(126,'Marie','Neustadt','Hallesches Ufer 95','Gäufelden','71126','f',62.3,160,'1971-03-01','DE02100500000054540402','2015-04-04'),(127,'Tom','Dresner','Gotthardstrasse 47','Erfurt','99013','m',99.2,180,'1985-05-23','DE02100500000054540402','2015-07-25'),(128,'Sophie','Abt','Flughafenstrasse 71','Sulzbach-Rosenberg','92229','f',50.2,155,'1940-05-11','DE02100500000054540402','2011-01-16'),(129,'Sabrina','Bohm','Sonnenallee 48','Augsburg','86043','f',78.7,164,'1992-03-18','DE02100500000054540402','2011-07-11'),(130,'Ulrike','Fassbinder','Rudolstaedter Strasse 33','Rheine','48431','f',72.8,159,'1957-11-22','DE02100500000054540402','2015-06-30'),(131,'Uwe','Fuhrmann','Schoenebergerstrasse 37','Netzschkau','08487','m',103.2,174,'1989-08-12','DE02100500000054540402','2009-11-22'),(132,'Max','Schmitt','Rathausstrasse 60','Fürth','90715','m',99.9,171,'1993-11-22','DE02100500000054540402','2017-12-27'),(133,'Lukas','Moeller','Brandenburgische Strasse 9','Heuchelheim-Klingen','76831','m',81.5,184,'1947-10-10','DE02100500000054540402','2015-03-31'),(134,'Marina','Fleischer','Feldstrasse 1','Friedrichsbrunn','06509','f',91,167,'1978-03-15','DE02100500000054540402','2013-04-06'),(135,'Marco','Eberhart','Flughafenstrasse 72','Erbendorf','92681','m',93.7,179,'1951-06-16','DE02100500000054540402','2011-07-29'),(136,'Tobias','Fleischer','Rathausstrasse 32','Fürth','90710','m',68.6,174,'1961-04-18','DE02100500000054540402','2009-01-28'),(137,'Klaudia','Baader','Charlottenstrasse 80','Cottbus','03046','f',83.6,159,'1963-03-19','DE02100500000054540402','2013-08-30'),(138,'Andrea','Papst','Prenzlauer Allee 91','Leipzig','04025','f',58.7,156,'1969-09-04','DE02100500000054540402','2020-01-30'),(139,'Stefanie','Bohm','Alter Wall 4','Geroldshausen','97256','f',94.1,175,'1986-03-23','DE02100500000054540402','2014-05-27'),(140,'Sarah','Herman','Kirchenallee 95','Grattersdorf','94541','f',79.6,165,'1958-10-11','DE02100500000054540402','2014-10-10'),(141,'Marcel','Kaestner','Luckenwalder Strasse 14','Surwold','26903','m',75.1,177,'1954-04-28','DE02100500000054540402','2009-08-29'),(142,'Uwe','Abt','Los-Angeles-Platz 32','Hamburg Steinwerder','20457','m',83.5,166,'1950-12-15','DE02100500000054540402','2018-12-23'),(143,'Steffen','Herz','Joachimstaler Str. 72','Kirchberg','08102','m',67.7,171,'1948-07-27','DE02100500000054540402','2020-11-24'),(144,'Eric','Gloeckner','Waldowstr. 81','Dörzbach','74677','m',82.4,171,'1971-12-24','DE02100500000054540402','2014-07-21'),(145,'Birgit','Herzog','Joachimstaler Str. 47','Ravengiersburg','55471','f',67.8,170,'1938-11-17','DE02100500000054540402','2013-01-26'),(146,'René','Ritter','Genslerstraße 36','Berlin Tempelhof','12099','m',98.7,186,'1994-04-11','DE02100500000054540402','2012-09-13'),(147,'Dirk','Maurer','Am Borsigturm 38','Ratingen Zentrum','40880','m',109.4,168,'1999-09-01','DE02100500000054540402','2015-04-16'),(148,'Stephan','Wexler','Wallstrasse 60','Rech','53506','m',71.5,180,'1964-08-27','DE02100500000054540402','2017-05-02'),(149,'Tim','Adler','Rohrdamm 21','Bad Salzuflen Schötmar','32108','m',65.6,173,'1940-02-07','DE02100500000054540402','2019-10-22'),(150,'Katharina','Dreher','Bleibtreustraße 10','Hohberg','77749','f',69.9,160,'1987-11-13','DE02100500000054540402','2014-01-05'),(151,'Sophie','Dietrich','Waldowstr. 2','Schenkenzell','77773','f',80,156,'1965-07-01','DE02100500000054540402','2013-08-27'),(152,'Lisa','Dresner','Marseiller Strasse 71','Kochel','82428','f',92.9,153,'1952-10-20','DE02100500000054540402','2017-03-24'),(153,'Susanne','Lang','Leipziger Strasse 61','Minden Holzhausen','32425','f',74.6,162,'2002-03-17','DE02100500000054540402','2012-03-02'),(154,'Marco','Gruenewald','Stresemannstr. 52','Saarlouis','66740','m',90.7,169,'1964-02-27','DE02100500000054540402','2012-02-27'),(155,'Susanne','Bohm','Güntzelstrasse 43','Heckenmünster','54518','f',97.6,169,'1950-07-20','DE02100500000054540402','2015-04-12'),(156,'Sabrina','Papst','Ruschestrasse 11','Stendal','39576','f',66.6,159,'1964-05-05','DE02100500000054540402','2018-11-30'),(157,'Max','Schäfer','Fugger Strasse 6','Koblenz Wallersheim','56070','m',97.9,180,'1984-04-23','DE02100500000054540402','2015-09-23'),(158,'Brigitte','Nagel','Los-Angeles-Platz 22','Hamburg Wilhelmsburg','21107','f',80.2,173,'1974-10-01','DE02100500000054540402','2012-11-21'),(159,'Leon','Faust','Kantstrasse 76','Oberasbach','90522','m',85.9,165,'1950-09-26','DE02100500000054540402','2020-04-09'),(160,'Jürgen','Egger','Friedrichstrasse 89','Oberhausen Stadtmitte','46045','m',76.2,180,'1951-03-11','DE02100500000054540402','2017-09-05'),(161,'Lisa','Unger','Meinekestraße 95','Bad Iburg','49186','f',56.8,157,'1949-02-27','DE02100500000054540402','2018-07-31'),(162,'Kathrin','Baader','Jahnstrasse 10','Achen','83552','f',56.5,174,'1998-07-19','DE02100500000054540402','2018-11-08'),(163,'Jan','Kappel','Stuttgarter Platz 54','Obernhof','56379','m',92,180,'1987-01-17','DE02100500000054540402','2017-07-11'),(164,'Erik','Beich','Leipziger Straße 57','Heinsen','37649','m',81.2,183,'1973-02-17','DE02100500000054540402','2010-01-23'),(165,'Steffen','Freytag','Ellmenreichstrasse 6','Weismain','96259','m',71.3,178,'1989-02-06','DE02100500000054540402','2012-09-28'),(166,'Sara','Farber','Hochstrasse 1','Westerland','25963','f',85,152,'1955-08-09','DE02100500000054540402','2012-07-09'),(167,'Swen','Friedman','Boxhagener Str. 65','Hamburg Hoheluft-Ost','20253','m',110.4,184,'1977-08-31','DE02100500000054540402','2015-05-19'),(168,'Marcel','Baum','Lützowplatz 42','Irsch','54451','m',74.5,174,'1970-10-17','DE02100500000054540402','2018-04-29'),(169,'Philipp','Richter','Schönwalder Allee 4','Eckernförde','24332','m',76.9,184,'1966-05-15','DE02100500000054540402','2012-06-23'),(170,'Jan','Sankt','Gotzkowskystrasse 40','Mammelzen','57636','m',106.4,187,'1988-11-04','DE02100500000054540402','2010-06-02'),(171,'Daniel','Werner','Karl-Liebknecht-Strasse 82','Hanstedt','21271','m',65.2,180,'1995-02-23','DE02100500000054540402','2017-08-29'),(172,'Ulrike','Schwab','Pappelallee 37','Börnichen','15907','f',90.4,153,'1972-09-04','DE02100500000054540402','2012-01-11'),(173,'Katrin','Schuhmacher','Gotzkowskystraße 59','Südlohn','46354','f',80.7,165,'1939-09-09','DE02100500000054540402','2010-03-04'),(174,'Heike','Schweitzer','Gruenauer Strasse 30','Lauenburg','21473','f',89.2,155,'1967-11-26','DE02100500000054540402','2017-10-08'),(175,'Anna','Baumgaertner','Büsingstrasse 76','Dachau','85208','f',86,159,'1999-07-07','DE02100500000054540402','2013-04-29'),(176,'Kristin','Fisher','Meininger Strasse 65','Illingen','66553','f',85,170,'1972-08-18','DE02100500000054540402','2016-04-28'),(177,'Jan','Wechsler','Rathausstrasse 90','Fürth','90701','m',72.2,177,'1979-01-09','DE02100500000054540402','2020-08-21'),(178,'Sabrina','Kruger','Rosenstrasse 99','München','81667','f',48.3,165,'1999-02-06','DE02100500000054540402','2009-03-18'),(179,'Maximilian','Muench','Leipziger Straße 64','Bilshausen','37434','m',85.2,185,'1959-10-02','DE02100500000054540402','2011-02-24'),(180,'Franziska','Pfeiffer','Fugger Strasse 48','Koblenz Vorstadt','56075','f',105.1,162,'1942-06-18','DE02100500000054540402','2019-02-11'),(181,'Kristin','Baumgaertner','Stresemannstr. 58','Namborn','66639','f',51,165,'1953-12-22','DE02100500000054540402','2017-02-07'),(182,'Felix','Lemann','Budapester Strasse 24','Bülstedt','27412','m',112.7,167,'1973-03-18','DE02100500000054540402','2019-03-07'),(183,'Maik','Werner','Lietzenburger Straße 54','Neuenhaus','49828','m',85.7,173,'1951-12-05','DE02100500000054540402','2011-08-01'),(184,'Franziska','Adler','Boxhagener Str. 45','Hamburg Eidelstedt','22457','f',59,166,'1998-04-15','DE02100500000054540402','2015-05-18'),(185,'Marco','Junker','Spresstrasse 63','Bielefeld Innenstadt','33613','m',101.2,170,'1991-04-14','DE02100500000054540402','2009-02-16'),(186,'Frank','Baer','Ufnau Strasse 33','Bernbeuren','86975','m',78,163,'2002-09-28','DE02100500000054540402','2014-07-07'),(187,'Christin','Gersten','Ansbacher Strasse 71','Weitersbach','55624','f',93.2,153,'1938-10-20','DE02100500000054540402','2012-03-07'),(188,'Martin','Fink','Schillerstrasse 31','Egling','82542','m',66.4,185,'1967-12-13','DE02100500000054540402','2020-05-15'),(189,'Heike','Gruenewald','Charlottenstrasse 83','Freital','01699','f',66.4,171,'1965-03-17','DE02100500000054540402','2020-04-16'),(190,'Jens','Zweig','Friedrichstrasse 5','Düsseldorf Gerresheim','40629','m',69.5,184,'1997-06-18','DE02100500000054540402','2019-05-04'),(191,'Marina','Schiffer','Hardenbergstraße 28','Hirschthal','66996','f',84.5,172,'1979-12-31','DE02100500000054540402','2014-10-27'),(192,'Klaudia','Fassbinder','Budapester Straße 69','Weilburg','35781','f',89.5,163,'1990-03-06','DE02100500000054540402','2019-01-31'),(193,'Laura','Schultheiss','Am Borsigturm 12','Neuss Barbaraviertel','41460','f',76.1,162,'1981-12-12','DE02100500000054540402','2017-12-12'),(194,'Marco','Kaestner','Rohrdamm 55','Lage','49828','m',87.7,188,'1980-01-31','DE02100500000054540402','2011-06-26'),(195,'Silke','Fisher','Prager Str 1','Freising','85317','f',73.4,158,'1963-05-07','DE02100500000054540402','2018-07-30'),(196,'Lea','Schroeder','Alter Wall 12','Kleinheubach','63921','f',82.2,173,'1973-12-08','DE02100500000054540402','2013-06-06'),(197,'Thorsten','Traugott','Ansbacher Strasse 7','Lasel','54612','m',100.4,166,'2002-06-16','DE02100500000054540402','2014-06-02'),(198,'Sabrina','Fuhrmann','Ollenhauer Str. 92','Stuttgart Stammheim','70435','f',47.1,166,'1997-12-05','DE02100500000054540402','2010-10-19'),(199,'Maik','Beike','Buelowstrasse 37','Dreisbach','56472','m',64.6,177,'1954-04-17','DE02100500000054540402','2013-09-26'),(200,'Benjamin','Köhler','Koenigstrasse 54','Ebersdorf','07368','m',85.7,164,'1940-12-26','DE02100500000054540402','2015-04-16'),(201,'Simone','Braun','Unter den Linden 56','Magdeburg','39014','f',60.2,155,'1982-02-21','DE02100500000054540402','2014-03-23'),(202,'Dieter','Hofmann','Kantstraße 63','Freiberg','09583','m',115.1,184,'1984-10-13','DE02100500000054540402','2016-04-03'),(203,'Kathrin','Kaestner','Meinekestraße 76','Lutter am Barenberge','38729','f',93.7,159,'1996-11-09','DE02100500000054540402','2017-08-06'),(204,'Anne','Nagel','Kurfuerstendamm 38','München','80014','f',83,169,'1949-02-06','DE02100500000054540402','2018-03-18'),(205,'Stephanie','Bar','Luetzowplatz 99','Ammeldingen an der Our','54675','f',49.8,161,'1945-01-22','DE02100500000054540402','2017-04-06'),(206,'Barbara','Freud','Hallesches Ufer 1','Wadern','66687','f',99,155,'1951-04-23','DE02100500000054540402','2010-09-06'),(207,'Dennis','Kuster','Buelowstrasse 65','Rieden','92286','m',97.3,164,'1940-08-07','DE02100500000054540402','2016-08-16'),(208,'Frank','Rothschild','Bissingzeile 1','Großenwörden','21712','m',99.1,178,'1970-02-19','DE02100500000054540402','2018-01-24'),(209,'Melanie','Theissen','Lützowplatz 11','Hentern','54314','f',104.7,171,'1978-11-11','DE02100500000054540402','2019-06-14'),(210,'Wolfgang','Faerber','Bleibtreustrasse 11','Lügde','32676','m',79.7,182,'1939-04-25','DE02100500000054540402','2010-01-18'),(211,'Stefanie','Wagner','Am Borsigturm 81','Velbert Birth','42549','f',92.5,170,'1980-12-05','DE02100500000054540402','2018-11-23'),(212,'Thomas','Konig','Mühlenstrasse 11','Gerbrunn','97218','m',99.8,167,'1977-02-23','DE02100500000054540402','2019-04-26'),(213,'Jens','Kirsch','Schmarjestrasse 85','Müncheberg','15372','m',78.1,188,'1989-04-18','DE02100500000054540402','2018-11-24'),(214,'Robert','Hoover','Heinrich Heine Platz 40','Zittau','02752','m',104.4,173,'1989-08-14','DE02100500000054540402','2015-07-16'),(215,'Lena','Herzog','Fugger Strasse 77','Dessau','06820','f',56.5,160,'1952-03-16','DE02100500000054540402','2011-12-28'),(216,'Lukas','Moench','Rathausstrasse 58','Heroldsberg','90560','m',114.9,167,'1970-07-28','DE02100500000054540402','2016-05-03'),(217,'Christina','Kaiser','Fontenay 83','Neuenmarkt','95339','f',76,156,'1978-12-05','DE02100500000054540402','2012-09-16'),(218,'Ulrich','Zimmermann','Sonnenallee 39','Augsburg','86037','m',69.5,176,'1987-01-09','DE02100500000054540402','2017-07-17'),(219,'Erik','Lange','Gotzkowskystrasse 84','Höchstenbach','57629','m',66,186,'1976-04-27','DE02100500000054540402','2016-07-26'),(220,'Christian','Lang','Heinrich Heine Platz 54','Bautzen','02607','m',83.2,164,'1949-04-17','DE02100500000054540402','2009-03-18'),(221,'Sebastian','Trommler','Bissingzeile 6','Hollnseth','21769','m',92.6,169,'1967-03-31','DE02100500000054540402','2011-05-11'),(222,'Alexander','Frey','Büsingstrasse 45','Wörth','93084','m',73.3,163,'1944-07-08','DE02100500000054540402','2020-02-24'),(223,'Mario','Neumann','Sömmeringstr. 57','Hördt','76771','m',85.7,181,'1949-01-30','DE02100500000054540402','2009-08-29'),(224,'Eric','Probst','Potsdamer Platz 92','Wasserburg','88140','m',63.7,167,'1947-12-28','DE02100500000054540402','2014-11-12'),(225,'Katharina','Kalb','An der Schillingbrucke 6','Dietenheim','89165','f',64,154,'1950-01-11','DE02100500000054540402','2012-05-01'),(226,'Klaudia','Theiss','Storkower Strasse 81','Hundsdorf','56235','f',99.3,159,'1945-02-08','DE02100500000054540402','2020-01-25'),(227,'Katharina','Bergmann','Lietzensee-Ufer 77','Meißen','01653','f',97.4,154,'1979-07-16','DE02100500000054540402','2018-04-29'),(228,'Anja','Kaufmann','Flotowstr. 76','Aschersleben','06433','f',81.2,156,'1941-06-01','DE02100500000054540402','2010-06-04'),(229,'Ralf','Nagel','Schoenebergerstrasse 67','Schwarzenberg','08335','m',81.5,163,'1945-10-14','DE02100500000054540402','2012-02-26'),(230,'Frank','Schmidt','Flughafenstrasse 82','Teunz','92552','m',98,168,'1994-04-14','DE02100500000054540402','2020-06-27'),(231,'Angelika','Gersten','Fischerinsel 90','Korschenbroich','41352','f',80,161,'1953-12-07','DE02100500000054540402','2020-12-22'),(232,'Gabriele','Wirtz','An der Alster 73','Ahrensdorf','15864','f',78.5,165,'1974-07-28','DE02100500000054540402','2010-05-27'),(233,'Jörg','Eichel','Mellingburgredder 78','Erlangen','91014','m',69.6,168,'1947-06-16','DE02100500000054540402','2016-02-02'),(234,'Peter','Koenig','Kieler Strasse 64','Unterwössen','83244','m',98.8,172,'1945-02-25','DE02100500000054540402','2016-03-24'),(235,'Daniel','Urner','Leopoldstraße 58','Bochum','44869','m',65,171,'1977-05-29','DE02100500000054540402','2011-11-15'),(236,'Maik','Waechter','Am Borsigturm 72','Rollhäusl','94107','m',98,174,'1967-11-01','DE02100500000054540402','2013-09-03'),(237,'Claudia','Gerste','Schaarsteinweg 70','Cham','93402','f',61.3,157,'1954-04-14','DE02100500000054540402','2011-09-30'),(238,'Mario','Dresdner','Kantstrasse 55','Schwaig','90563','m',73.6,181,'1997-06-27','DE02100500000054540402','2020-09-19'),(239,'Monika','Sommer','Hoheluftchaussee 19','Liebertwolkwitz','04443','f',74.1,162,'2000-04-24','DE02100500000054540402','2011-05-05'),(240,'Jennifer','Wagner','Spresstrasse 49','Westoverledingen','26810','f',104.2,165,'1973-01-29','DE02100500000054540402','2009-07-20'),(241,'Sabrina','Meister','Gotzkowskystrasse 80','Schönbach','54552','f',95.7,173,'1990-01-10','DE02100500000054540402','2016-09-23'),(242,'Jörg','Vogel','Anhalter Strasse 45','Oberndorf','21787','m',69.4,178,'1947-11-09','DE02100500000054540402','2009-12-25'),(243,'Melanie','Konig','Alsterkrugchaussee 96','Langenzenn','90575','f',62.5,161,'1967-06-27','DE02100500000054540402','2014-09-25'),(244,'Maximilian','Fassbinder','Ellmenreichstrasse 85','Kulmbach','95307','m',99.2,175,'1986-09-19','DE02100500000054540402','2010-09-15'),(245,'Sven','Beike','Hochstrasse 19','Stoltebüll','24409','m',102.6,180,'1945-10-10','DE02100500000054540402','2012-05-01'),(246,'Matthias','Gruenewald','Bleibtreustrasse 53','Herzebrock-Clarholz','33442','m',53.7,166,'2003-09-12','DE02100500000054540402','2020-07-16'),(247,'Andrea','Foerster','Neue Roßstr. 82','Esslingen Sankt Bernhardt','73732','f',79.5,163,'1992-10-05','DE02100500000054540402','2020-09-10'),(248,'Mario','Krause','Storkower Strasse 66','Freilingen','56244','m',95.6,178,'1994-07-25','DE02100500000054540402','2020-11-05'),(249,'Sara','Schwartz','Luetzowplatz 94','Hupperath','54518','f',49.8,156,'1986-06-19','DE02100500000054540402','2009-02-23'),(250,'Manuela','Foerster','Michaelkirchstr. 33','Volkmarsen','34471','f',83.6,154,'1963-12-03','DE02100500000054540402','2010-03-14'),(251,'Sophie','Schwartz','Kurfürstendamm 1','Baumgarten','18246','f',81.8,158,'1953-05-20','DE02100500000054540402','2014-07-21'),(252,'Ines','Brandt','Bayreuther Strasse 64','Frankfurt','15208','f',58.7,175,'1985-10-03','DE02100500000054540402','2009-02-25'),(253,'Stephan','Kortig','Meininger Strasse 59','Neunkirchen','66522','m',76.8,176,'1942-05-13','DE02100500000054540402','2017-02-14'),(254,'Martina','Koertig','Paderborner Strasse 43','Oberrieden','87769','f',92,156,'1988-11-10','DE02100500000054540402','2013-02-19'),(255,'Susanne','Schweitzer','Luetzowplatz 30','Gransdorf','54533','f',92.4,167,'1990-11-28','DE02100500000054540402','2017-04-28'),(256,'Dennis','Oster','Schoenebergerstrasse 62','Schneeberg','63936','m',101.5,168,'1940-07-26','DE02100500000054540402','2014-03-13'),(257,'Birgit','Loewe','Reeperbahn 74','Bad Doberan','18201','f',90.3,159,'1964-02-29','DE02100500000054540402','2010-01-06'),(258,'Ines','Cole','Hans-Grade-Allee 92','Böklund','24858','f',63.2,158,'1965-11-16','DE02100500000054540402','2010-06-29'),(259,'Monika','Werner','Charlottenstrasse 98','Radebeul','01439','f',92.1,175,'1991-10-22','DE02100500000054540402','2013-05-29'),(260,'René','Pfaff','Ansbacher Strasse 34','Altstrimmig','56858','m',57,189,'1998-03-19','DE02100500000054540402','2014-07-26'),(261,'Swen','Walter','Hollander Strasse 39','Berod bei Wallmerod','56414','m',67.9,171,'1945-08-23','DE02100500000054540402','2011-08-05'),(262,'Phillipp','Herzog','Leipziger Straße 69','Arholzen','37627','m',86.8,177,'2001-08-07','DE02100500000054540402','2017-04-09'),(263,'David','Frankfurter','Meinekestraße 21','Eggermühlen','49577','m',73,164,'1938-11-18','DE02100500000054540402','2018-07-28'),(264,'Swen','Winkel','Stresemannstr. 91','Nohfelden','66621','m',65.7,179,'1973-08-27','DE02100500000054540402','2020-01-17'),(265,'Paul','Reiniger','Güntzelstrasse 78','Gräfendhron','54426','m',82.2,169,'1943-10-16','DE02100500000054540402','2011-07-01'),(266,'Stefan','Baumgaertner','Konstanzer Strasse 83','Niedernberg','63843','m',98.1,185,'1967-10-23','DE02100500000054540402','2012-05-08'),(267,'Steffen','Mahler','Augsburger Strasse 71','Wirft','53534','m',105.5,176,'1975-10-25','DE02100500000054540402','2018-04-09'),(268,'Bernd','Eichel','Bayreuther Strasse 22','Reutlingen Mittelstadt','72766','m',108.5,168,'1953-05-12','DE02100500000054540402','2009-04-12'),(269,'Niklas','Drechsler','Lietzensee-Ufer 77','Senftenberg','01957','m',100.2,183,'1976-12-04','DE02100500000054540402','2018-08-08'),(270,'Marco','Nagel','Sonnenallee 58','Augsburg','86043','m',104.2,178,'1961-12-13','DE02100500000054540402','2020-02-29'),(271,'Marco','Weissmuller','Kastanienallee 26','Seefeld','82227','m',87.5,181,'1953-05-02','DE02100500000054540402','2011-12-28'),(272,'Marie','Urner','Mühlenstrasse 80','Regensburg','93007','f',70.9,158,'1941-09-26','DE02100500000054540402','2014-06-23'),(273,'Jana','Furst','Chausseestr. 97','Demmin','17102','f',52.2,157,'1958-01-26','DE02100500000054540402','2015-05-27'),(274,'Franziska','Peters','Los-Angeles-Platz 60','Hamburg Sülldorf','22587','f',71.9,153,'1973-10-28','DE02100500000054540402','2012-07-29'),(275,'Klaus','Theissen','Pohlstrasse 78','Jerxheim','38381','m',68.3,190,'2001-04-27','DE02100500000054540402','2019-09-05'),(276,'Jan','Blau','Bleibtreustrasse 70','Paderborn Elsen','33104','m',82.1,169,'1993-03-02','DE02100500000054540402','2015-08-26'),(277,'Thomas','Trommler','Wallstrasse 31','Sinzig','53489','m',97.4,169,'1952-01-12','DE02100500000054540402','2010-03-19'),(278,'Dominik','Vogt','Michaelkirchstr. 1','Minden Barkhausen','32429','m',69.4,175,'1991-07-16','DE02100500000054540402','2019-02-13'),(279,'Ines','Waechter','Kantstrasse 39','Bayreuth','95448','f',74.2,157,'1985-11-18','DE02100500000054540402','2019-12-11'),(280,'Daniel','Herz','Storkower Strasse 48','Hundsdorf','56235','m',67.9,164,'1940-12-02','DE02100500000054540402','2009-05-10'),(281,'Christian','Zimmermann','Eschenweg 64','Sonneberg','96504','m',66.1,176,'1947-11-10','DE02100500000054540402','2013-12-17'),(282,'Peter','Wulf','Kantstrasse 40','Nürnberg','90427','m',88.1,186,'1979-08-13','DE02100500000054540402','2020-09-24'),(283,'Paul','Rothstein','Augsburger Straße 44','Herne','44652','m',74,169,'1991-10-18','DE02100500000054540402','2016-10-06'),(284,'Silke','Lange','Hochstrasse 99','Schafflund','24978','f',64.5,167,'1990-08-15','DE02100500000054540402','2012-08-18'),(285,'Lea','Schneider','Ollenhauer Str. 14','Stuttgart Steinhaldenfeld','70378','f',75.7,171,'1979-05-20','DE02100500000054540402','2015-11-11'),(286,'Erik','Amsel','Feldstrasse 20','Biederitz','39172','m',84.6,183,'1979-10-18','DE02100500000054540402','2020-05-29'),(287,'Tom','Gottlieb','Reeperbahn 78','Albertsdorf','18182','m',79,171,'1942-06-28','DE02100500000054540402','2009-06-15'),(288,'Swen','Köhler','Mollstrasse 99','Dexheim','55278','m',99.6,175,'1968-07-27','DE02100500000054540402','2013-01-16'),(289,'Sabine','Nadel','Billwerder Neuer Deich 55','Ludwigsstadt','96334','f',64.4,156,'1986-10-09','DE02100500000054540402','2015-11-10'),(290,'Jan','Gruenewald','Luckenwalder Strasse 75','Stedesdorf','26427','m',108.2,172,'1995-12-24','DE02100500000054540402','2019-02-25'),(291,'Lea','Schuhmacher','Mohrenstrasse 23','Burgrieden','88483','f',49.3,169,'2002-02-17','DE02100500000054540402','2015-03-05'),(292,'Michelle','Muench','Friedrichstrasse 68','Düsseldorf Hubbelrath','40629','f',69,165,'1983-01-26','DE02100500000054540402','2009-06-02'),(293,'Lisa','Wirth','Pohlstrasse 93','Hornburg','38315','f',103.8,169,'1986-10-22','DE02100500000054540402','2016-07-27'),(294,'Laura','Pfeifer','An Der Urania 25','Hohenlockstedt','25551','f',66.8,154,'1998-02-03','DE02100500000054540402','2009-08-05'),(295,'Wolfgang','Friedman','Oldesloer Strasse 52','Gehren','98708','m',75.8,177,'1989-10-04','DE02100500000054540402','2013-04-04'),(296,'Anja','Schweizer','Heinrich Heine Platz 96','Leinefelde','37321','f',60.5,154,'2000-04-22','DE02100500000054540402','2016-07-01'),(297,'Erik','Zimmermann','Schönhauser Allee 39','Ibach','79837','m',79.5,165,'1960-11-18','DE02100500000054540402','2009-09-21'),(298,'Thorsten','Meier','Flughafenstrasse 37','Kemnath','95478','m',75,176,'1977-02-12','DE02100500000054540402','2014-02-14'),(299,'Luca','Frei','Flughafenstrasse 59','Eslarn','92691','m',113.5,175,'1985-02-05','DE02100500000054540402','2020-06-06'),(300,'Dennis','Austerlitz','Oldesloer Strasse 89','Rohr','91189','m',80,168,'1940-10-06','DE02100500000054540402','2014-10-14'),(301,'Philipp','Unger','Hollander Strasse 75','Wettenberg','35435','m',93.3,184,'1990-10-15','DE02100500000054540402','2015-08-20'),(302,'Yvonne','Nussbaum','Knesebeckstraße 37','Recklinghausen','45661','f',64.4,160,'1957-01-10','DE02100500000054540402','2012-10-21'),(303,'Florian','Eberhart','Sonnenallee 10','Augsburg','86003','m',77.4,181,'2003-03-23','DE02100500000054540402','2020-02-17'),(304,'Silke','Decker','Brandenburgische Str. 28','Offenau','74254','f',55.2,155,'1995-02-20','DE02100500000054540402','2017-03-21'),(305,'Maximilian','Berg','Schillerstrasse 40','Igling','86859','m',115,188,'1975-10-20','DE02100500000054540402','2016-09-17'),(306,'Lea','Fiedler','Jahnstrasse 95','Rechtmehring','83562','f',84.7,166,'1953-05-08','DE02100500000054540402','2010-11-23'),(307,'Uwe','Köhler','Waldowstr. 79','Forchtenberg','74670','m',103.6,189,'1985-07-19','DE02100500000054540402','2019-05-06'),(308,'Ralph','Meyer','Rhinstrasse 88','München','81241','m',63.1,173,'1985-11-14','DE02100500000054540402','2019-01-09'),(309,'Sven','Schwab','Am Borsigturm 15','Velbert Neviges','42553','m',89.1,182,'1954-05-19','DE02100500000054540402','2016-01-30'),(310,'Anja','Kuester','Alsterkrugchaussee 97','Möttingen','86753','f',94.5,169,'1962-10-26','DE02100500000054540402','2014-04-29'),(311,'Johanna','Goldschmidt','Hollander Strasse 70','Bilkheim','56414','f',76.2,154,'1991-03-22','DE02100500000054540402','2014-05-23'),(312,'Dominik','Mueller','Schönhauser Allee 70','Vöhrenbach','78147','m',70.8,186,'1964-06-26','DE02100500000054540402','2019-12-23'),(313,'Janina','Gruenewald','Rudower Chaussee 21','Bottrop Nord-Ost-Innenstadt','46236','f',100,172,'1996-05-21','DE02100500000054540402','2011-09-11'),(314,'Sven','Eiffel','Charlottenstrasse 99','Cottbus','03046','m',68.6,182,'1997-12-29','DE02100500000054540402','2013-07-18'),(315,'Lena','Hartmann','Koepenicker Str. 7','Reichenbach','93189','f',76.9,165,'1995-08-07','DE02100500000054540402','2011-08-23'),(316,'Ulrich','Wexler','Albrechtstrasse 74','Ingolstadt','85057','m',68.8,188,'1974-07-04','DE02100500000054540402','2020-07-31'),(317,'Daniela','Meister','Motzstr. 90','Winterbach','55595','f',51,162,'1949-09-05','DE02100500000054540402','2010-12-18'),(318,'Melanie','Kuster','Güntzelstrasse 70','Reinsfeld','54421','f',72.6,163,'2000-05-26','DE02100500000054540402','2020-01-29'),(319,'Kerstin','Kunze','Chausseestr. 29','Anklam','17382','f',79.1,173,'1969-01-20','DE02100500000054540402','2010-06-25'),(320,'Thorsten','Kaestner','Charlottenstrasse 8','Freital','01699','m',71.1,164,'1944-08-01','DE02100500000054540402','2019-03-08'),(321,'Markus','Schwartz','An der Alster 82','Neuendorf','97788','m',70.4,179,'1992-01-12','DE02100500000054540402','2019-06-19'),(322,'Antje','Egger','An der Alster 22','Neuendorf','17373','f',69.1,170,'2002-04-19','DE02100500000054540402','2018-10-08'),(323,'Anna','Drescher','Michaelkirchstr. 73','Raddestorf','31604','f',96.5,156,'1948-06-10','DE02100500000054540402','2014-06-10'),(324,'Claudia','Peters','Lietzenburger Straße 70','Soltendieck','29594','f',77.8,173,'1989-03-21','DE02100500000054540402','2018-11-26'),(325,'Katharina','Braun','Alt-Moabit 37','Wildau','15742','f',74.7,158,'1942-06-28','DE02100500000054540402','2018-03-08'),(326,'Ulrike','Bosch','Straße der Pariser Kommune 23','Dortmund','44229','f',69.3,170,'1988-03-21','DE02100500000054540402','2013-03-17'),(327,'Mike','Baumgaertner','Albrechtstrasse 41','Stadtbergen','86382','m',77.9,171,'1985-02-22','DE02100500000054540402','2014-06-27'),(328,'Benjamin','Saenger','Eschenweg 22','Sonneberg','96504','m',60.8,172,'1942-06-15','DE02100500000054540402','2011-10-24'),(329,'Janina','Herman','Messedamm 73','Coswig','01632','f',89.1,167,'1942-02-11','DE02100500000054540402','2018-08-07'),(330,'Markus','Koertig','Schmarjestrasse 35','Chamerau','93465','m',78.6,173,'1999-03-11','DE02100500000054540402','2012-07-21'),(331,'Stefan','Fuchs','Mühlenstrasse 66','Regensburg','93006','m',79.9,169,'1975-05-04','DE02100500000054540402','2009-12-19'),(332,'Philipp','Himmel','Spresstrasse 44','Loxstedt','27612','m',98.2,169,'1986-11-15','DE02100500000054540402','2015-03-04'),(333,'Martin','Schneider','Schaarsteinweg 56','Bodenwöhr','92439','m',104.4,186,'1969-01-20','DE02100500000054540402','2012-12-12'),(334,'Kerstin','Konig','Mellingburgredder 75','Poxdorf','91099','f',77.7,170,'1945-11-03','DE02100500000054540402','2010-03-26'),(335,'Eric','Lehrer','Alter Wall 25','Gössenheim','97780','m',95.2,185,'1994-12-20','DE02100500000054540402','2015-04-24'),(336,'Johanna','Durr','Holstenwall 59','Beesenstedt','06198','f',66.4,173,'1979-02-12','DE02100500000054540402','2012-11-09'),(337,'Alexander','Theiss','Brandenburgische Straße 54','Berlin Hohenschönhausen','13057','m',62.6,178,'1955-01-17','DE02100500000054540402','2009-05-08'),(338,'Lucas','Baecker','Wallstrasse 82','Kirchwald','56729','m',110.1,184,'1978-07-24','DE02100500000054540402','2011-03-10'),(339,'Benjamin','Bayer','Lange Strasse 22','Lindwedel','29690','m',87.7,178,'1986-02-11','DE02100500000054540402','2018-11-18'),(340,'Stephan','Nagel','Rudower Strasse 32','Merlscheid','54597','m',81,180,'1941-09-09','DE02100500000054540402','2015-10-30'),(341,'Torsten','Jaeger','Esplanade 56','Lappersdorf','93134','m',105.9,173,'1947-07-20','DE02100500000054540402','2013-07-02'),(342,'Nicole','Schultheiss','Brandenburgische Str 16','Sankt Goar','56329','f',96.3,161,'1969-11-09','DE02100500000054540402','2011-01-07'),(343,'Jessica','Moench','Luetzowplatz 9','Kaschenbach','54668','f',97.6,172,'1976-12-05','DE02100500000054540402','2017-08-04'),(344,'Monika','Ebersbacher','Inge Beisheim Platz 34','Seestermühe','25371','f',67.9,173,'1981-05-12','DE02100500000054540402','2009-11-23'),(345,'Leon','Wannemaker','Neue Roßstr. 71','Esslingen Sulzgries','73733','m',64.1,176,'1970-01-25','DE02100500000054540402','2011-09-14'),(346,'Claudia','Frueh','Hardenbergstraße 75','Haschbach am Remigiusberg','66871','f',59.2,161,'1995-08-18','DE02100500000054540402','2019-10-28'),(347,'Frank','Adler','Knesebeckstraße 64','Düren','52355','m',77.3,162,'1937-01-04','DE02100500000054540402','2019-01-01'),(348,'Felix','Baumgaertner','Ufnau Strasse 38','Kaufbeuren','87584','m',84.1,168,'1994-07-04','DE02100500000054540402','2014-07-15'),(349,'Andrea','Schmid','Hochstrasse 31','Bredstedt','25818','f',53.4,156,'1995-10-09','DE02100500000054540402','2018-09-03'),(350,'Kerstin','Werner','Charlottenstrasse 50','Dresden','01263','f',65.9,158,'1968-03-26','DE02100500000054540402','2016-09-29'),(351,'Phillipp','Schroeder','Gotzkowskystraße 4','Warstein','59581','m',84.7,169,'1945-03-09','DE02100500000054540402','2018-09-18'),(352,'Frank','Werfel','Unter den Linden 67','Magdeburg','39040','m',92.7,183,'1990-07-06','DE02100500000054540402','2010-04-30'),(353,'Claudia','Fleischer','Scharnweberstrasse 22','Mannheim Schönau','68305','f',91.1,156,'1994-02-04','DE02100500000054540402','2010-07-03'),(354,'Doreen','Schuster','Ziegelstr. 30','Bad Birnbach','84361','f',103.5,161,'1975-01-23','DE02100500000054540402','2012-07-11'),(355,'Lukas','Theiss','Augsburger Straße 88','Werne','59368','m',69.4,185,'1958-07-25','DE02100500000054540402','2010-02-11'),(356,'Doreen','Moeller','Invalidenstrasse 34','Kallstadt','67169','f',57.1,159,'1939-06-06','DE02100500000054540402','2016-01-01'),(357,'Sabrina','Baumgartner','Inge Beisheim Platz 62','Hollern-Twielenfleth','21723','f',67.9,166,'1956-01-14','DE02100500000054540402','2016-08-26'),(358,'René','Berg','Kirchenallee 6','Lindberg','94227','m',101.8,175,'1989-10-21','DE02100500000054540402','2014-04-04'),(359,'Dieter','Seiler','Knesebeckstrasse 78','Ersfeld','57635','m',107.9,172,'1991-09-29','DE02100500000054540402','2012-04-27'),(360,'Christina','Koch','Ellmenreichstrasse 85','Creußen','95473','f',62.3,175,'1990-09-22','DE02100500000054540402','2009-11-02'),(361,'Uwe','Urner','Schmarjestrasse 39','Bergholz','17321','m',70.4,168,'1978-03-21','DE02100500000054540402','2015-03-25'),(362,'Marko','Koch','Fontenay 41','Wilhelmsthal','96352','m',80.4,178,'1938-02-01','DE02100500000054540402','2013-08-16'),(363,'Marko','Kohler','Rankestraße 10','Neuburg','86618','m',94.9,168,'1964-07-22','DE02100500000054540402','2013-06-06'),(364,'Karin','Braun','Hochstrasse 85','Bramstedtlund','25926','f',92.8,167,'1992-11-30','DE02100500000054540402','2017-04-12'),(365,'Sara','Schmidt','Landhausstraße 8','Königs Wusterhausen','15703','f',95.9,169,'1964-01-01','DE02100500000054540402','2013-02-04'),(366,'Max','Kunze','Gruenauer Strasse 18','Dollern','21739','m',107.9,174,'1998-02-06','DE02100500000054540402','2016-08-22'),(367,'David','Dresner','Schoenebergerstrasse 30','Weischlitz','08536','m',74.9,165,'1957-01-14','DE02100500000054540402','2010-11-28'),(368,'Klaudia','Theiss','Budapester Strasse 56','Sandstedt','27628','f',93.1,161,'2001-05-31','DE02100500000054540402','2019-08-18'),(369,'Sarah','Shuster','Karl-Liebknecht-Strasse 6','Welle','21261','f',80.6,168,'1982-09-05','DE02100500000054540402','2020-05-29'),(370,'Sara','Decker','Storkower Strasse 99','Wierschem','56294','f',103.2,161,'1945-09-26','DE02100500000054540402','2010-02-23'),(371,'Julia','Hoover','Alt-Moabit 38','Luckenwalde','14931','f',73.6,156,'1937-03-05','DE02100500000054540402','2016-07-08'),(372,'Katja','Vogt','Schönwalder Allee 52','Tetenhusen','24817','f',103.5,174,'1990-10-27','DE02100500000054540402','2019-02-21'),(373,'Heike','Gerber','Heiligengeistbrücke 98','Bad Windsheim','91428','f',81.7,168,'1948-11-21','DE02100500000054540402','2013-02-20'),(374,'Markus','Vogt','Kirchenallee 65','Bernried','94505','m',77.2,183,'1970-01-16','DE02100500000054540402','2011-04-13'),(375,'Robert','Koch','Anhalter Strasse 34','Becherbach','67827','m',109.5,182,'1987-11-25','DE02100500000054540402','2019-12-27'),(376,'Anke','Kuster','Guentzelstrasse 85','Haunetal','36166','f',64.8,163,'1965-10-09','DE02100500000054540402','2009-01-30'),(377,'Ralph','Aachen','Budapester Straße 5','Longen','54338','m',101.5,174,'1995-03-23','DE02100500000054540402','2012-06-15'),(378,'Kristin','Propst','Rathausstrasse 16','Nürnberg','90041','f',51.9,164,'1941-08-13','DE02100500000054540402','2014-01-09'),(379,'Kevin','Frey','Rohrdamm 59','Bad Salzuflen Wüsten','32108','m',75,176,'1991-08-22','DE02100500000054540402','2011-10-03'),(380,'Heike','Dreher','Wallstrasse 61','Vettelschoß','53560','f',70.1,173,'1983-12-14','DE02100500000054540402','2019-09-11'),(381,'Dennis','Lehmann','Scharnweberstrasse 6','Schwalbach am Taunus','65824','m',77,177,'1940-09-09','DE02100500000054540402','2018-03-15'),(382,'Stefan','Freytag','Rhinstrasse 59','München','80797','m',69.6,166,'1954-03-24','DE02100500000054540402','2010-12-05'),(383,'Torsten','Hueber','Koepenicker Str. 27','Lierschied','56357','m',93.6,179,'1957-07-16','DE02100500000054540402','2015-01-12'),(384,'Kristin','Rothstein','Frankfurter Allee 83','Karlsruhe Weststadt','76185','f',54.4,159,'1975-10-05','DE02100500000054540402','2009-05-14'),(385,'Lukas','Achen','Koepenicker Str. 17','Strüth','56357','m',108.7,182,'1995-08-22','DE02100500000054540402','2016-09-29'),(386,'David','Koertig','Lietzenburger Strasse 22','Bergisch Gladbach Romaney','51467','m',73.4,171,'1956-04-23','DE02100500000054540402','2010-08-15'),(387,'Martina','Unger','Prager Str 48','Gauting','82119','f',53.8,161,'1973-12-01','DE02100500000054540402','2017-11-14'),(388,'Manuela','Nussbaum','Scharnweberstrasse 69','Mannheim Lindenhof','68163','f',96.8,166,'1951-09-11','DE02100500000054540402','2012-06-24'),(389,'Klaudia','Amsel','Rhinstrasse 80','München','80939','f',68.2,159,'1994-07-05','DE02100500000054540402','2011-10-18'),(390,'Gabriele','Herzog','An der Alster 99','Krakow','18290','f',64.3,170,'1959-11-24','DE02100500000054540402','2012-07-11'),(391,'Marco','Eisenhower','Prager Str 21','Starnberg','82303','m',115.3,171,'1983-06-21','DE02100500000054540402','2018-04-01'),(392,'Ulrike','Friedman','Paderborner Strasse 30','Unterdießen','86944','f',76.6,154,'1981-11-30','DE02100500000054540402','2020-08-29'),(393,'Klaudia','Pfeifer','Nuernbergerstrasse 42','Bad Zwischenahn','26160','f',67.7,155,'2002-11-22','DE02100500000054540402','2015-07-20'),(394,'Melanie','Gottschalk','Guentzelstrasse 32','Braunweiler','55595','f',65.2,165,'1975-03-09','DE02100500000054540402','2018-10-05'),(395,'Martin','Sommer','Hallesches Ufer 46','Gäufelden','71126','m',71.7,187,'1975-08-29','DE02100500000054540402','2014-02-23'),(396,'Eric','Dresdner','Rankestraße 61','Baar-Ebenhausen','85107','m',57.9,171,'2001-02-16','DE02100500000054540402','2017-06-15'),(397,'Nicole','Durr','Meinekestraße 84','Rieste','49597','f',84.2,168,'1992-05-07','DE02100500000054540402','2011-10-28'),(398,'Brigitte','Friedman','An Der Urania 16','Bekdorf','25554','f',71.3,159,'2000-12-28','DE02100500000054540402','2009-10-04'),(399,'Stefan','Boehm','Karl-Liebknecht-Strasse 26','Handeloh','21256','m',103.8,186,'1969-06-18','DE02100500000054540402','2016-04-26'),(400,'Lukas','Eichelberger','Inge Beisheim Platz 54','Barnstedt','21406','m',109.7,166,'1960-08-18','DE02100500000054540402','2019-04-23'),(401,'Tanja','Furst','Bleibtreustraße 43','Mühlhausen','99961','f',52.7,175,'2003-01-22','DE02100500000054540402','2014-07-30'),(402,'Jürgen','Gersten','Guentzelstrasse 27','Braunweiler','55595','m',78.7,181,'1947-04-08','DE02100500000054540402','2017-12-19'),(403,'Annett','Scherer','Heinrich Heine Platz 22','Waltershausen','99874','f',97.6,161,'1952-11-04','DE02100500000054540402','2013-02-04'),(404,'Leah','Schmid','Michaelkirchstr. 68','Warmsen','31606','f',83.6,169,'1997-11-21','DE02100500000054540402','2014-07-31'),(405,'Kristin','Kortig','Mellingburgredder 55','Eckental','90542','f',93.3,165,'1973-10-31','DE02100500000054540402','2012-08-09'),(406,'Stefan','Beike','Luckenwalder Strasse 13','Celle','29221','m',87.1,173,'1952-01-03','DE02100500000054540402','2010-04-16'),(407,'Tom','Abt','Luebecker Strasse 81','Scheßlitz','96110','m',90.8,186,'1991-02-26','DE02100500000054540402','2016-08-18'),(408,'Ute','Blau','Lietzenburger Straße 62','Handrup','49838','f',66.7,158,'1948-05-20','DE02100500000054540402','2019-04-10'),(409,'Anja','Bieber','Bissingzeile 92','Kutenholz','27449','f',96.6,168,'1982-11-27','DE02100500000054540402','2013-06-20'),(410,'Leah','Beckenbauer','Scharnweberstrasse 36','Kriftel','65830','f',71.6,169,'1969-05-14','DE02100500000054540402','2012-07-12'),(411,'Lucas','Mayer','Rhinstrasse 61','München','80910','m',73.7,175,'2003-04-01','DE02100500000054540402','2013-03-26'),(412,'Ralph','Papst','Budapester Strasse 87','Krogaspe','24644','m',73.1,169,'1944-04-12','DE02100500000054540402','2019-07-30'),(413,'Monika','Gerste','Rudower Strasse 88','Lauperath','54649','f',104.2,151,'1942-10-12','DE02100500000054540402','2013-03-04'),(414,'Stephan','Fenstermacher','Waldowstr. 69','Schöntal','74214','m',92.6,180,'1942-08-23','DE02100500000054540402','2010-02-19'),(415,'Martin','Frankfurter','Potsdamer Platz 14','Wasserburg','83501','m',91.5,169,'1978-03-12','DE02100500000054540402','2014-03-01'),(416,'Daniel','Krause','Mühlenstrasse 77','Regensburg','93001','m',98.4,182,'1970-03-24','DE02100500000054540402','2019-05-29'),(417,'Sabine','Mehler','Mühlenstrasse 56','Regensburg','93003','f',54.7,153,'2003-06-05','DE02100500000054540402','2009-07-12'),(418,'Daniela','Propst','Karl-Liebknecht-Strasse 81','Bark','23826','f',99,154,'1990-08-30','DE02100500000054540402','2016-06-06'),(419,'Peter','Gerber','Stuttgarter Platz 83','Niederelbert','56412','m',94.9,177,'1948-08-14','DE02100500000054540402','2020-07-25'),(420,'Dominik','Werfel','Knesebeckstrasse 39','Kaltenborn','53520','m',79.5,182,'1959-01-02','DE02100500000054540402','2020-07-11'),(421,'Anja','Lang','Knesebeckstrasse 90','Stebach','56276','f',77,165,'1942-02-17','DE02100500000054540402','2019-12-08'),(422,'Kristian','Bürger','Budapester Strasse 24','Bornhöved','24617','m',67.4,170,'1975-08-10','DE02100500000054540402','2017-02-03'),(423,'Benjamin','Feierabend','Koenigstrasse 94','Neudietendorf','99191','m',111.4,188,'1994-03-18','DE02100500000054540402','2016-08-29'),(424,'Michael','Klug','Grosse Praesidenten Str. 73','Schwarzach','74869','m',61.5,175,'2000-02-15','DE02100500000054540402','2011-01-06'),(425,'Andrea','Koertig','Alt-Moabit 10','Brandenburg','14770','f',93.7,153,'1962-09-22','DE02100500000054540402','2020-02-04'),(426,'Benjamin','Glockner','Storkower Strasse 59','Neuwied Block','56566','m',86.9,165,'1957-10-21','DE02100500000054540402','2010-06-02'),(427,'Jens','Grunwald','Koepenicker Str. 79','Hettenrodt','55758','m',76.1,173,'1962-08-07','DE02100500000054540402','2018-10-25'),(428,'Ralph','Mahler','Waldowstr. 13','Dörzbach','74677','m',107.3,179,'1995-04-29','DE02100500000054540402','2017-10-22'),(429,'Niklas','Waechter','Fontenay 36','Kronach','96302','m',87.1,182,'1959-12-27','DE02100500000054540402','2011-08-04'),(430,'Janina','Engel','Schoenebergerstrasse 91','Neuenkirchen','49586','f',80.2,161,'1956-11-08','DE02100500000054540402','2019-07-14'),(431,'Sabine','Klein','Rhinstrasse 76','München','80939','f',70.9,158,'1983-09-08','DE02100500000054540402','2017-11-20'),(432,'Stephan','Herzog','Gotzkowskystrasse 75','Wahlrod','57614','m',87.7,164,'1940-12-18','DE02100500000054540402','2009-10-31'),(433,'Tanja','Eichel','Kieler Strasse 50','Burgkirchen','84504','f',100.1,152,'1957-05-18','DE02100500000054540402','2010-07-04'),(434,'Tobias','Unger','Adenauerallee 15','Buchholz','31710','m',83,167,'1969-04-29','DE02100500000054540402','2014-01-10'),(435,'Ulrike','Abt','Paul-Nevermann-Platz 38','Aura','97773','f',62.6,172,'1985-09-09','DE02100500000054540402','2017-08-10'),(436,'Marko','Herz','Inge Beisheim Platz 20','Hittbergen','21522','m',85.8,171,'1942-12-16','DE02100500000054540402','2012-12-17'),(437,'Markus','Schröder','Alt Reinickendorf 82','Altenmünster','86448','m',69.2,185,'1993-12-16','DE02100500000054540402','2014-12-23'),(438,'Phillipp','Sankt','Luebecker Strasse 60','Ebensfeld','96250','m',110.3,188,'1984-10-09','DE02100500000054540402','2015-01-01'),(439,'Klaudia','Engel','Sonnenallee 90','Augsburg','86029','f',50.3,169,'1999-06-14','DE02100500000054540402','2009-01-25'),(440,'Jessika','Lange','Lietzenburger Strasse 16','Euskirchen','53879','f',92,168,'1948-11-23','DE02100500000054540402','2015-05-07'),(441,'Jens','Nussbaum','Ellmenreichstrasse 41','Rugendorf','95365','m',113.6,182,'1979-07-10','DE02100500000054540402','2016-07-08'),(442,'Ralf','Hartmann','Hollander Strasse 91','Stadtallendorf','35260','m',79.9,167,'1939-04-05','DE02100500000054540402','2015-07-18'),(443,'Sandra','Bergmann','Rankestraße 15','Pörnbach','85309','f',60.2,165,'1952-12-19','DE02100500000054540402','2019-03-02'),(444,'Stephanie','Herrmann','Hans-Grade-Allee 30','Ratzeburg','23903','f',56.8,167,'1976-03-12','DE02100500000054540402','2016-03-11'),(445,'Brigitte','Moeller','Luebecker Strasse 86','Haßfurt','97432','f',87.7,169,'1948-05-08','DE02100500000054540402','2014-06-17'),(446,'Nicole','Thalberg','Knesebeckstrasse 45','Stürzelbach','57614','f',100.6,171,'1996-05-23','DE02100500000054540402','2014-09-19'),(447,'Lukas','Köhler','Kirchenallee 35','Deggendorf','94454','m',87.1,173,'1940-05-08','DE02100500000054540402','2009-03-17'),(448,'Markus','Kaufmann','Frankfurter Allee 43','Freiburg Kappel','79117','m',64.9,180,'2000-09-05','DE02100500000054540402','2016-11-21'),(449,'Marco','Baader','Luebecker Strasse 71','Haßfurt','97437','m',66.7,170,'1997-06-16','DE02100500000054540402','2011-10-27'),(450,'Angelika','Schröder','Mellingburgredder 25','Pleinfeld','91783','f',54.7,163,'1965-08-29','DE02100500000054540402','2011-06-07'),(451,'Christin','Schweitzer','Budapester Strasse 87','Arpsdorf','24634','f',71.2,168,'1983-05-02','DE02100500000054540402','2012-09-11'),(452,'Mario','Mauer','Boxhagener Str. 1','Hamburg Borgfelde','20535','m',90,177,'1984-06-02','DE02100500000054540402','2020-03-06'),(453,'Klaudia','Bauer','Michaelkirchstr. 11','Uchte','31600','f',95.9,160,'1972-01-14','DE02100500000054540402','2017-10-19'),(454,'Dirk','Abt','Meininger Strasse 93','Schwollen','55767','m',64,170,'1949-03-30','DE02100500000054540402','2019-06-19'),(455,'Maximilian','Junker','Luebeckertordamm 70','Burgthann','90559','m',63.5,166,'1961-05-05','DE02100500000054540402','2010-12-01'),(456,'Phillipp','Pfeiffer','Kantstraße 23','Burkhardtsdorf','09235','m',110.9,177,'1992-10-21','DE02100500000054540402','2011-03-10'),(457,'Stefan','Theiss','Heinrich Heine Platz 66','Gotha','99854','m',70.6,172,'1950-08-13','DE02100500000054540402','2014-03-12'),(458,'Andrea','Weber','Storkower Strasse 83','Quirnbach','56242','f',73.4,161,'1997-06-16','DE02100500000054540402','2016-05-27'),(459,'Brigitte','Baader','Bissingzeile 43','Kirchwistedt','27616','f',86.6,162,'1954-03-21','DE02100500000054540402','2018-06-05'),(460,'Silke','Schiffer','Lietzenburger Straße 3','Tülau','38474','f',54.6,154,'1967-02-22','DE02100500000054540402','2009-12-02'),(461,'Dennis','Gerste','Kantstrasse 49','Nürnberg','90255','m',104.4,174,'1994-07-22','DE02100500000054540402','2009-04-27'),(462,'Klaus','Adler','Waßmannsdorfer Chaussee 19','Hamburg Barmbek-Süd','22305','m',106.4,174,'1995-04-09','DE02100500000054540402','2019-11-03'),(463,'Ute','Fuerst','Frankfurter Allee 86','Karlsruhe Wolfartsweier','76228','f',81.5,160,'1937-07-15','DE02100500000054540402','2014-03-24'),(464,'Sophie','Schwarz','Holstenwall 45','Bageritz','06188','f',77.5,168,'1953-02-17','DE02100500000054540402','2014-08-13'),(465,'Benjamin','Naumann','Amsinckstrasse 39','Königsbrück','01934','m',98.3,164,'1945-07-09','DE02100500000054540402','2009-05-23'),(466,'David','Kohl','Schönwalder Allee 70','Lütjenburg','24319','m',96.5,181,'2002-04-01','DE02100500000054540402','2018-02-14'),(467,'Sara','Sommer','Schaarsteinweg 92','Mötzing','93099','f',63.2,161,'1997-07-06','DE02100500000054540402','2017-06-02'),(468,'Sarah','Eichel','Lange Strasse 57','Unterschleißheim','85705','f',69.8,170,'1965-01-22','DE02100500000054540402','2011-09-24'),(469,'Peter','Koch','Hedemannstasse 72','Owingen','88696','m',77.6,185,'1956-04-01','DE02100500000054540402','2009-05-25'),(470,'Eric','Ebersbacher','Rosenstrasse 54','München','81337','m',65.4,165,'1960-08-11','DE02100500000054540402','2014-10-15'),(471,'Lucas','Müller','Gotzkowskystrasse 99','Westernohe','56479','m',76.8,179,'1937-05-01','DE02100500000054540402','2012-09-30'),(472,'Juliane','Gärtner','Park Str. 41','Düsseldorf Pempelfort','40476','f',72,161,'1988-04-29','DE02100500000054540402','2010-05-17'),(473,'Benjamin','Zimmer','Kirchenallee 40','Zwiesel','94221','m',87.6,176,'1948-04-09','DE02100500000054540402','2016-08-17'),(474,'Tom','Scherer','Heinrich Heine Platz 85','Bischofswerda','01871','m',98,189,'2001-02-27','DE02100500000054540402','2019-01-05'),(475,'Kathrin','Traugott','Potsdamer Platz 74','Oberstaufen','87528','f',66.4,166,'1974-09-10','DE02100500000054540402','2012-03-01'),(476,'Ulrike','Dresner','Lietzenburger Straße 90','Unterlüß','29345','f',102.9,153,'1971-12-05','DE02100500000054540402','2018-10-17'),(477,'Kerstin','Fassbinder','Stresemannstr. 59','Ottweiler','66564','f',62.6,158,'2000-11-03','DE02100500000054540402','2012-06-18'),(478,'Anne','Papst','Landhausstraße 82','Eberswalde','16206','f',79.9,163,'1985-08-24','DE02100500000054540402','2020-12-08'),(479,'Sven','Frei','Budapester Straße 61','Lohra','35102','m',80.4,188,'1987-05-08','DE02100500000054540402','2010-04-14'),(480,'Niklas','Kirsch','Leipziger Straße 49','Söhrewald','34320','m',63.2,189,'2002-10-06','DE02100500000054540402','2015-08-13'),(481,'Jennifer','Sankt','Lietzenburger Strasse 19','Bergisch Gladbach Kaule','51429','f',70.6,168,'1978-05-27','DE02100500000054540402','2014-03-19'),(482,'Susanne','Traugott','Pappelallee 37','Jöhstadt','09475','f',90.5,153,'1951-04-20','DE02100500000054540402','2015-03-23'),(483,'Sophia','Klug','Langenhorner Chaussee 11','Altötting','84498','f',88.4,170,'1940-12-15','DE02100500000054540402','2012-06-21'),(484,'Sabine','Keller','Stresemannstr. 42','Wadgassen','66784','f',72.8,165,'1942-01-08','DE02100500000054540402','2019-09-08'),(485,'Manuela','Furst','Grolmanstraße 86','Bremen Barkhof','28209','f',90.3,154,'1993-08-02','DE02100500000054540402','2016-01-03'),(486,'Eric','Lang','Brandenburgische Straße 91','Berlin Kreuzberg','10999','m',107.5,169,'1999-01-10','DE02100500000054540402','2011-12-20'),(487,'Manuela','Mauer','Eichendorffstr. 98','Wolpertswende','88284','f',75.1,166,'1951-04-23','DE02100500000054540402','2014-10-29'),(488,'Jessika','Fried','Borstelmannsweg 94','Schnaittenbach','92250','f',75.9,160,'1968-10-10','DE02100500000054540402','2017-03-21'),(489,'Uwe','Abendroth','Ansbacher Strasse 42','Jucken','54689','m',70.7,164,'1946-12-06','DE02100500000054540402','2020-08-10'),(490,'Maximilian','Schweizer','Messedamm 15','Dresden','01075','m',105.6,166,'1952-01-05','DE02100500000054540402','2018-05-22'),(491,'Steffen','Zimmermann','Fontenay 71','Helmbrechts','95224','m',101.2,166,'1945-06-21','DE02100500000054540402','2009-02-06'),(492,'Luca','Holtzmann','Oldesloer Strasse 74','Lichte','98736','m',68,172,'1969-05-30','DE02100500000054540402','2017-05-10'),(493,'Daniel','Pfeffer','Mellingburgredder 18','Weißenburg','91774','m',109.1,184,'2000-03-31','DE02100500000054540402','2014-06-20'),(494,'Paul','Lehmann','Feldstrasse 88','Arendsee','39616','m',72.5,183,'1952-01-09','DE02100500000054540402','2011-04-08'),(495,'Marcel','Unger','Schillerstrasse 66','Wolfratshausen','82502','m',62.8,172,'1942-07-21','DE02100500000054540402','2015-12-07'),(496,'Antje','Krüger','Kirchenallee 97','Plattling','94447','f',76.6,166,'1998-06-26','DE02100500000054540402','2012-11-06'),(497,'Marco','Saenger','Esplanade 95','Regenstauf','93122','m',84.1,162,'1945-11-09','DE02100500000054540402','2019-06-15'),(498,'Daniela','Eisenhower','Landsberger Allee 67','München','80083','f',101.6,166,'1986-02-09','DE02100500000054540402','2013-09-15'),(499,'Vanessa','Schwarz','Park Str. 62','Solingen Solingen-Mitte','42653','f',60.2,161,'1948-09-18','DE02100500000054540402','2013-03-05'),(500,'Steffen','Theiss','Knesebeckstrasse 61','Mudenbach','57614','m',84.4,167,'1976-10-03','DE02100500000054540402','2015-10-02'),(501,'Mario','Schultz','Kantstrasse 62','Nürnberg','90471','m',97.9,178,'1969-11-01','DE02100500000054540402','2018-03-25');
/*!40000 ALTER TABLE `mitglieder` ENABLE KEYS */;
UNLOCK TABLES;

--
-- Temporary view structure for view `mitgliederUndSportarten`
--

DROP TABLE IF EXISTS `mitgliederUndSportarten`;
/*!50001 DROP VIEW IF EXISTS `mitgliederUndSportarten`*/;
SET @saved_cs_client     = @@character_set_client;
/*!50503 SET character_set_client = utf8mb4 */;
/*!50001 CREATE VIEW `mitgliederUndSportarten` AS SELECT 
 1 AS `Vorname`,
 1 AS `Nachname`,
 1 AS `sports`*/;
SET character_set_client = @saved_cs_client;

--
-- Table structure for table `mitglieder_koennen_sportarten`
--

DROP TABLE IF EXISTS `mitglieder_koennen_sportarten`;
/*!40101 SET @saved_cs_client     = @@character_set_client */;
/*!50503 SET character_set_client = utf8mb4 */;
CREATE TABLE `mitglieder_koennen_sportarten` (
  `Mitgliedsnummer` int DEFAULT NULL,
  `Sportartnummer` int DEFAULT NULL,
  UNIQUE KEY `unique_member_sport` (`Mitgliedsnummer`,`Sportartnummer`),
  KEY `Sportartnummer` (`Sportartnummer`),
  CONSTRAINT `mitglieder_koennen_sportarten_ibfk_1` FOREIGN KEY (`Mitgliedsnummer`) REFERENCES `mitglieder` (`Mitgliedsnummer`),
  CONSTRAINT `mitglieder_koennen_sportarten_ibfk_2` FOREIGN KEY (`Sportartnummer`) REFERENCES `sportarten` (`Sportartnummer`)
) ENGINE=InnoDB DEFAULT CHARSET=utf8mb4 COLLATE=utf8mb4_0900_ai_ci;
/*!40101 SET character_set_client = @saved_cs_client */;

--
-- Dumping data for table `mitglieder_koennen_sportarten`
--

LOCK TABLES `mitglieder_koennen_sportarten` WRITE;
/*!40000 ALTER TABLE `mitglieder_koennen_sportarten` DISABLE KEYS */;
INSERT INTO `mitglieder_koennen_sportarten` VALUES (1,2),(2,4),(3,8),(4,2),(5,8),(6,5),(7,5),(9,8),(10,3),(11,2),(12,3),(13,7),(14,3),(15,3),(15,8),(16,4),(16,8),(17,6),(18,5),(18,6),(18,8),(20,8),(21,3),(23,2),(23,3),(24,8),(25,2),(26,1),(27,5),(28,5),(29,3),(29,4),(30,7),(31,2),(33,8),(34,7),(35,6),(36,4),(37,2),(37,8),(38,1),(38,4),(38,8),(39,5),(40,1),(40,4),(40,6),(41,2),(41,5),(41,6),(42,6),(43,6),(44,3),(45,6),(46,8),(47,1),(47,3),(48,5),(49,4),(50,7),(51,4),(51,6),(52,7),(53,3),(53,7),(54,1),(54,6),(55,7),(55,8),(56,7),(57,8),(58,1),(58,7),(59,5),(60,4),(60,8),(61,5),(62,3),(62,7),(63,1),(64,3),(65,2),(65,8),(66,2),(67,5),(68,1),(68,8),(69,1),(71,4),(71,8),(72,5),(72,6),(72,8),(73,7),(74,1),(74,2),(75,1),(76,6),(77,5),(78,6),(79,6),(79,7),(80,5),(81,5),(81,7),(82,1),(83,4),(84,3),(85,3),(86,3),(87,6),(88,4),(89,2),(89,4),(90,6),(91,2),(92,1),(93,3),(94,7),(95,7),(96,7),(97,3),(98,5),(99,5),(99,7),(100,3),(101,3),(102,3),(103,3),(103,8),(104,1),(104,4),(105,1),(106,4),(107,8),(108,4),(108,5),(109,1),(110,3),(111,1),(111,6),(112,4),(113,3),(113,8),(114,4),(115,5),(116,2),(117,4),(119,1),(120,1),(120,8),(121,4),(122,4),(122,5),(123,6),(123,8),(124,1),(125,5),(125,8),(126,5),(127,2),(127,3),(128,1),(128,5),(129,2),(129,3),(129,8),(130,2),(130,8),(131,3),(132,8),(133,7),(134,1),(135,8),(136,6),(137,5),(137,8),(138,5),(139,3),(140,7),(141,2),(142,2),(142,3),(143,2),(143,5),(144,4),(144,6),(145,2),(146,6),(147,8),(148,4),(149,3),(150,5),(151,5),(152,8),(153,4),(155,8),(156,5),(156,6),(156,7),(157,4),(157,8),(158,5),(159,8),(160,2),(160,3),(161,1),(162,6),(163,1),(164,4),(164,8),(165,8),(166,2),(167,4),(168,6),(169,1),(170,1),(171,2),(171,6),(172,6),(173,1),(174,1),(175,1),(176,4),(177,8),(178,3),(179,4),(180,7),(181,5),(182,7),(183,8),(184,1),(184,6),(185,3),(186,3),(186,5),(187,8),(188,2),(188,5),(189,1),(190,6),(191,4),(192,7),(193,1),(193,2),(194,4),(194,7),(195,3),(196,4),(197,1),(198,1),(199,3),(200,3),(201,6),(202,5),(203,4),(203,5),(204,7),(204,8),(205,7),(206,5),(207,2),(208,2),(208,5),(209,7),(209,8),(210,1),(212,1),(212,3),(212,5),(213,7),(214,2),(215,3),(216,3),(217,2),(217,8),(218,1),(220,5),(221,2),(221,7),(222,7),(222,8),(223,1),(223,3),(223,6),(224,2),(224,7),(226,3),(227,8),(228,6),(229,2),(229,7),(230,6),(231,8),(232,3),(232,5),(233,1),(234,6),(235,4),(236,2),(237,4),(237,8),(238,5),(239,3),(239,5),(240,2),(240,3),(241,6),(242,3),(243,2),(244,1),(245,8),(246,3),(247,5),(248,8),(249,2),(250,3),(251,5),(252,1),(252,5),(253,6),(254,8),(255,1),(256,2),(257,1),(258,1),(258,6),(259,1),(259,7),(260,2),(261,1),(262,4),(262,6),(263,2),(264,7),(265,1),(266,3),(266,5),(266,8),(267,2),(268,8),(269,1),(270,3),(271,6),(272,3),(272,4),(273,3),(273,6),(274,4),(275,1),(275,8),(276,4),(277,2),(277,5),(278,8),(279,3),(280,3),(281,1),(281,4),(281,7),(282,1),(282,4),(283,6),(283,7),(284,1),(285,8),(286,4),(286,8),(287,5),(288,1),(289,8),(290,4),(291,4),(292,1),(292,6),(293,8),(294,2),(295,5),(296,8),(297,8),(298,1),(298,7),(299,3),(300,1),(301,6),(302,1),(303,2),(304,2),(304,7),(305,4),(305,5),(306,8),(307,3),(308,7),(309,8),(310,5),(311,3),(311,5),(311,8),(312,1),(312,4),(312,5),(313,2),(314,7),(315,3),(316,2),(317,3),(318,6),(319,1),(319,7),(320,4),(320,8),(321,8),(322,8),(323,1),(323,4),(324,5),(325,1),(326,4),(327,4),(328,8),(329,1),(330,7),(331,6),(332,1),(333,2),(334,8),(335,1),(336,2),(337,2),(339,1),(339,5),(340,2),(341,3),(342,3),(343,5),(343,6),(344,1),(345,6),(346,1),(347,1),(347,4),(347,6),(348,3),(348,5),(349,4),(350,1),(350,3),(351,2),(352,2),(352,4),(353,7),(354,5),(355,2),(355,6),(356,7),(356,8),(357,1),(357,7),(358,5),(359,3),(360,8),(362,3),(363,6),(363,7),(364,4),(364,6),(365,3),(366,2),(366,8),(367,3),(367,8),(368,2),(369,1),(370,3),(370,7),(371,7),(372,7),(373,3),(374,4),(375,1),(375,8),(376,1),(376,6),(377,6),(378,3),(379,5),(380,2),(380,5),(381,4),(382,2),(382,3),(383,3),(384,7),(385,7),(386,4),(386,6),(387,1),(388,2),(388,4),(389,1),(390,6),(390,8),(391,2),(392,5),(392,6),(393,3),(394,4),(395,1),(396,1),(397,2),(397,4),(398,4),(398,7),(399,6),(400,2),(400,6),(401,4),(402,8),(403,6),(404,4),(404,6),(405,4),(406,8),(407,2),(408,4),(409,7),(410,8),(411,2),(412,7),(412,8),(413,5),(414,3),(415,1),(415,2),(416,6),(417,7),(418,1),(419,5),(419,8),(420,5),(421,8),(422,4),(422,5),(422,8),(423,8),(424,1),(424,5),(425,2),(425,8),(426,8),(427,6),(427,7),(428,6),(429,3),(429,7),(430,8),(431,3),(432,6),(432,7),(433,2),(433,3),(434,6),(435,4),(436,4),(436,5),(437,5),(438,1),(438,6),(439,8),(440,5),(441,1),(441,6),(442,1),(443,3),(445,1),(445,8),(446,1),(446,5),(447,2),(447,5),(447,7),(448,3),(449,1),(450,1),(450,6),(450,8),(451,3),(451,8),(452,3),(452,6),(453,5),(454,2),(455,8),(456,3),(457,2),(457,7),(458,2),(459,4),(460,5),(460,7),(461,4),(462,6),(463,8),(464,3),(464,5),(465,1),(465,5),(466,7),(467,8),(468,3),(468,4),(469,6),(469,8),(470,3),(471,7),(472,2),(472,5),(473,3),(474,7),(475,2),(476,4),(477,7),(478,5),(479,2),(479,6),(480,5),(481,5),(482,4),(483,4),(484,8),(485,3),(486,5),(486,7),(487,1),(488,1),(489,7),(490,8),(491,1),(492,6),(492,7),(493,3),(493,5),(494,4),(495,3),(495,7),(496,4),(497,1),(498,3),(498,7),(499,1),(500,7),(501,1);
/*!40000 ALTER TABLE `mitglieder_koennen_sportarten` ENABLE KEYS */;
UNLOCK TABLES;

--
-- Table structure for table `mitglieder_spielen_in`
--

DROP TABLE IF EXISTS `mitglieder_spielen_in`;
/*!40101 SET @saved_cs_client     = @@character_set_client */;
/*!50503 SET character_set_client = utf8mb4 */;
CREATE TABLE `mitglieder_spielen_in` (
  `Teamnummer` int DEFAULT NULL,
  `Mitgliedsnummer` int DEFAULT NULL,
  KEY `Mitgliedsnummer` (`Mitgliedsnummer`),
  KEY `Teamnummer` (`Teamnummer`),
  CONSTRAINT `mitglieder_spielen_in_ibfk_1` FOREIGN KEY (`Mitgliedsnummer`) REFERENCES `mitglieder` (`Mitgliedsnummer`),
  CONSTRAINT `mitglieder_spielen_in_ibfk_2` FOREIGN KEY (`Teamnummer`) REFERENCES `teams` (`Teamnummer`)
) ENGINE=InnoDB DEFAULT CHARSET=utf8mb4 COLLATE=utf8mb4_0900_ai_ci;
/*!40101 SET character_set_client = @saved_cs_client */;

--
-- Dumping data for table `mitglieder_spielen_in`
--

LOCK TABLES `mitglieder_spielen_in` WRITE;
/*!40000 ALTER TABLE `mitglieder_spielen_in` DISABLE KEYS */;
INSERT INTO `mitglieder_spielen_in` VALUES (1,1),(1,2),(1,3),(1,4),(1,5),(1,6),(1,7),(1,8),(1,9),(1,10),(1,11),(1,12),(1,13),(1,14),(1,15),(1,16),(1,17),(1,18),(1,19),(1,20),(1,21),(2,22),(2,23),(2,24),(2,25),(2,26),(2,27),(2,28),(2,29),(2,30),(2,31),(2,32),(2,33),(3,34),(3,35),(3,36),(3,37),(3,38),(3,39),(3,40),(3,41),(3,42),(3,43),(3,44),(3,45),(3,46),(3,47),(3,48),(3,49),(3,50),(3,51),(3,52),(3,53),(3,54),(3,55),(3,56),(3,57),(3,58),(3,59),(3,60),(3,61),(3,62),(3,63),(4,64),(4,65),(4,66),(4,67),(4,68),(4,69),(4,70),(4,71),(4,72),(4,73),(5,74),(5,75),(5,76),(5,77),(5,78),(5,70),(5,80),(5,81),(5,82),(5,83),(5,84),(5,85),(5,86),(5,87),(5,88),(5,89),(5,90),(5,91),(5,92),(5,93),(5,94),(6,95),(6,96),(6,97),(6,98),(6,99),(7,100),(7,101),(8,102),(8,103),(8,104),(8,105),(8,106),(8,107),(8,108),(8,109),(8,110),(8,111),(8,112),(8,113),(8,114),(8,115),(8,116),(8,117),(8,118),(8,119),(8,120),(8,121),(8,122),(9,123),(9,124),(9,125),(9,126),(9,127),(9,128),(9,129),(9,130),(9,131),(9,132),(9,133),(9,134),(9,135),(9,136),(9,137),(9,138),(9,139),(9,140),(9,141),(9,142),(9,143);
/*!40000 ALTER TABLE `mitglieder_spielen_in` ENABLE KEYS */;
UNLOCK TABLES;

--
-- Table structure for table `spielfelder`
--

DROP TABLE IF EXISTS `spielfelder`;
/*!40101 SET @saved_cs_client     = @@character_set_client */;
/*!50503 SET character_set_client = utf8mb4 */;
CREATE TABLE `spielfelder` (
  `Spielfeldnummer` int NOT NULL AUTO_INCREMENT,
  `Untergrund` varchar(50) DEFAULT NULL,
  `Markierungen` varchar(50) DEFAULT NULL,
  `Netz` varchar(30) DEFAULT NULL,
  `Laenge` float DEFAULT NULL,
  `Breite` float DEFAULT NULL,
  `Ort` varchar(50) DEFAULT NULL,
  PRIMARY KEY (`Spielfeldnummer`)
) ENGINE=InnoDB AUTO_INCREMENT=9 DEFAULT CHARSET=utf8mb4 COLLATE=utf8mb4_0900_ai_ci;
/*!40101 SET character_set_client = @saved_cs_client */;

--
-- Dumping data for table `spielfelder`
--

LOCK TABLES `spielfelder` WRITE;
/*!40000 ALTER TABLE `spielfelder` DISABLE KEYS */;
INSERT INTO `spielfelder` VALUES (1,'Holzparkett','Handball',NULL,40,20,'vb1'),(2,'Hartgummi','Handball, Volleyball, Badminton',NULL,40,20,'pa6'),(3,'PVC','Badminton',NULL,14,6,'hb12'),(4,'PVC','Darts',NULL,50,40,'hb3'),(5,'PVC',NULL,NULL,50,20,'sf4'),(6,'PVC','Basketball, Handball',NULL,50,25,'ak85'),(7,'Wasser',NULL,NULL,50,10,'sh1'),(8,'Sand','Tennis','Tennisnetz',24,11,'tf2');
/*!40000 ALTER TABLE `spielfelder` ENABLE KEYS */;
UNLOCK TABLES;

--
-- Table structure for table `sportarten`
--

DROP TABLE IF EXISTS `sportarten`;
/*!40101 SET @saved_cs_client     = @@character_set_client */;
/*!50503 SET character_set_client = utf8mb4 */;
CREATE TABLE `sportarten` (
  `Sportartnummer` int NOT NULL AUTO_INCREMENT,
  `SportartName` varchar(20) DEFAULT NULL,
  `Equipment` varchar(50) DEFAULT NULL,
  PRIMARY KEY (`Sportartnummer`),
  UNIQUE KEY `SportartName` (`SportartName`)
) ENGINE=InnoDB AUTO_INCREMENT=10 DEFAULT CHARSET=utf8mb4 COLLATE=utf8mb4_0900_ai_ci;
/*!40101 SET character_set_client = @saved_cs_client */;

--
-- Dumping data for table `sportarten`
--

LOCK TABLES `sportarten` WRITE;
/*!40000 ALTER TABLE `sportarten` DISABLE KEYS */;
INSERT INTO `sportarten` VALUES (1,'Handball',NULL),(2,'Tennis',NULL),(3,'Basketball',NULL),(4,'Volleyball',NULL),(5,'Badminton',NULL),(6,'Darts',NULL),(7,'Yoga',NULL),(8,'Zumba',NULL),(9,'Aquagymnastik','Poolnudeln');
/*!40000 ALTER TABLE `sportarten` ENABLE KEYS */;
UNLOCK TABLES;

--
-- Table structure for table `sportarten_benoetigen`
--

DROP TABLE IF EXISTS `sportarten_benoetigen`;
/*!40101 SET @saved_cs_client     = @@character_set_client */;
/*!50503 SET character_set_client = utf8mb4 */;
CREATE TABLE `sportarten_benoetigen` (
  `Sportartnummer` int DEFAULT NULL,
  `Spielfeldnummer` int DEFAULT NULL,
  KEY `Sportartnummer` (`Sportartnummer`),
  KEY `Spielfeldnummer` (`Spielfeldnummer`),
  CONSTRAINT `sportarten_benoetigen_ibfk_1` FOREIGN KEY (`Sportartnummer`) REFERENCES `sportarten` (`Sportartnummer`),
  CONSTRAINT `sportarten_benoetigen_ibfk_2` FOREIGN KEY (`Spielfeldnummer`) REFERENCES `spielfelder` (`Spielfeldnummer`)
) ENGINE=InnoDB DEFAULT CHARSET=utf8mb4 COLLATE=utf8mb4_0900_ai_ci;
/*!40101 SET character_set_client = @saved_cs_client */;

--
-- Dumping data for table `sportarten_benoetigen`
--

LOCK TABLES `sportarten_benoetigen` WRITE;
/*!40000 ALTER TABLE `sportarten_benoetigen` DISABLE KEYS */;
INSERT INTO `sportarten_benoetigen` VALUES (1,1),(1,2),(1,6),(2,8),(3,6),(4,2),(5,2),(5,3),(6,4),(7,5),(8,5),(9,7);
/*!40000 ALTER TABLE `sportarten_benoetigen` ENABLE KEYS */;
UNLOCK TABLES;

--
-- Table structure for table `teams`
--

DROP TABLE IF EXISTS `teams`;
/*!40101 SET @saved_cs_client     = @@character_set_client */;
/*!50503 SET character_set_client = utf8mb4 */;
CREATE TABLE `teams` (
  `Teamnummer` int NOT NULL AUTO_INCREMENT,
  `Bedingungen` varchar(100) DEFAULT NULL,
  `Altersklasse` varchar(10) DEFAULT NULL,
  `Groesse` int DEFAULT NULL,
  PRIMARY KEY (`Teamnummer`)
) ENGINE=InnoDB AUTO_INCREMENT=10 DEFAULT CHARSET=utf8mb4 COLLATE=utf8mb4_0900_ai_ci;
/*!40101 SET character_set_client = @saved_cs_client */;

--
-- Dumping data for table `teams`
--

LOCK TABLES `teams` WRITE;
/*!40000 ALTER TABLE `teams` DISABLE KEYS */;
INSERT INTO `teams` VALUES (1,'anfaenger','A-m',21),(2,'vorkurs besucht',NULL,12),(3,NULL,'E-mf',20),(4,'min. groesse 150','C-m',10),(5,NULL,'1-f',21),(6,NULL,NULL,5),(7,NULL,'1-f',2),(8,'Spielerpass','A-m',18),(9,'Spielerpass','A-f',21);
/*!40000 ALTER TABLE `teams` ENABLE KEYS */;
UNLOCK TABLES;

--
-- Table structure for table `teams_spielen`
--

DROP TABLE IF EXISTS `teams_spielen`;
/*!40101 SET @saved_cs_client     = @@character_set_client */;
/*!50503 SET character_set_client = utf8mb4 */;
CREATE TABLE `teams_spielen` (
  `Sportartnummer` int DEFAULT NULL,
  `Teamnummer` int DEFAULT NULL,
  KEY `Sportartnummer` (`Sportartnummer`),
  KEY `Teamnummer` (`Teamnummer`),
  CONSTRAINT `teams_spielen_ibfk_1` FOREIGN KEY (`Sportartnummer`) REFERENCES `sportarten` (`Sportartnummer`),
  CONSTRAINT `teams_spielen_ibfk_2` FOREIGN KEY (`Teamnummer`) REFERENCES `teams` (`Teamnummer`)
) ENGINE=InnoDB DEFAULT CHARSET=utf8mb4 COLLATE=utf8mb4_0900_ai_ci;
/*!40101 SET character_set_client = @saved_cs_client */;

--
-- Dumping data for table `teams_spielen`
--

LOCK TABLES `teams_spielen` WRITE;
/*!40000 ALTER TABLE `teams_spielen` DISABLE KEYS */;
INSERT INTO `teams_spielen` VALUES (7,1),(9,2),(8,3),(3,4),(5,5),(6,6),(4,7),(2,8),(1,9);
/*!40000 ALTER TABLE `teams_spielen` ENABLE KEYS */;
UNLOCK TABLES;

--
-- Final view structure for view `Mitarbeiter`
--

/*!50001 DROP VIEW IF EXISTS `Mitarbeiter`*/;
/*!50001 SET @saved_cs_client          = @@character_set_client */;
/*!50001 SET @saved_cs_results         = @@character_set_results */;
/*!50001 SET @saved_col_connection     = @@collation_connection */;
/*!50001 SET character_set_client      = utf8mb3 */;
/*!50001 SET character_set_results     = utf8mb3 */;
/*!50001 SET collation_connection      = utf8mb3_general_ci */;
/*!50001 CREATE ALGORITHM=UNDEFINED */
/*!50013 DEFINER=`root`@`localhost` SQL SECURITY DEFINER */
/*!50001 VIEW `Mitarbeiter` AS select `mg`.`Vorname` AS `Vorname`,`mg`.`Nachname` AS `Nachname`,`mg`.`Geburtsdatum` AS `Geburtsdatum`,`mg`.`Strasse` AS `Strasse`,`mg`.`Postleitzahl` AS `Postleitzahl`,`mg`.`Stadt` AS `Stadt`,`ma`.`Stundenlohn` AS `Stundenlohn`,`ma`.`Steuerklasse` AS `Steuerklasse`,`ma`.`Anfangsdatum` AS `Anfangsdatum`,`mg`.`Beitrittsdatum` AS `Beitrittsdatum` from (`mitarbeiter` `ma` join `mitglieder` `mg` on((`ma`.`Mitgliedsnummer` = `mg`.`Mitgliedsnummer`))) */;
/*!50001 SET character_set_client      = @saved_cs_client */;
/*!50001 SET character_set_results     = @saved_cs_results */;
/*!50001 SET collation_connection      = @saved_col_connection */;

--
-- Final view structure for view `VerteilungAufSportarten`
--

/*!50001 DROP VIEW IF EXISTS `VerteilungAufSportarten`*/;
/*!50001 SET @saved_cs_client          = @@character_set_client */;
/*!50001 SET @saved_cs_results         = @@character_set_results */;
/*!50001 SET @saved_col_connection     = @@collation_connection */;
/*!50001 SET character_set_client      = utf8mb3 */;
/*!50001 SET character_set_results     = utf8mb3 */;
/*!50001 SET collation_connection      = utf8mb3_general_ci */;
/*!50001 CREATE ALGORITHM=UNDEFINED */
/*!50013 DEFINER=`root`@`localhost` SQL SECURITY DEFINER */
/*!50001 VIEW `VerteilungAufSportarten` AS select count(`mks`.`Mitgliedsnummer`) AS `count(mks.Mitgliedsnummer)`,`s`.`SportartName` AS `SportartName` from (`mitglieder_koennen_sportarten` `mks` join `sportarten` `s` on((`mks`.`Sportartnummer` = `s`.`Sportartnummer`))) group by `mks`.`Sportartnummer` */;
/*!50001 SET character_set_client      = @saved_cs_client */;
/*!50001 SET character_set_results     = @saved_cs_results */;
/*!50001 SET collation_connection      = @saved_col_connection */;

--
-- Final view structure for view `durschnittsAlter`
--

/*!50001 DROP VIEW IF EXISTS `durschnittsAlter`*/;
/*!50001 SET @saved_cs_client          = @@character_set_client */;
/*!50001 SET @saved_cs_results         = @@character_set_results */;
/*!50001 SET @saved_col_connection     = @@collation_connection */;
/*!50001 SET character_set_client      = utf8mb3 */;
/*!50001 SET character_set_results     = utf8mb3 */;
/*!50001 SET collation_connection      = utf8mb3_general_ci */;
/*!50001 CREATE ALGORITHM=UNDEFINED */
/*!50013 DEFINER=`root`@`localhost` SQL SECURITY DEFINER */
/*!50001 VIEW `durschnittsAlter` AS select avg(timestampdiff(YEAR,`mitglieder`.`Geburtsdatum`,curdate())) AS `Durschnittsalter aller Mitglieder` from `mitglieder` */;
/*!50001 SET character_set_client      = @saved_cs_client */;
/*!50001 SET character_set_results     = @saved_cs_results */;
/*!50001 SET collation_connection      = @saved_col_connection */;

--
-- Final view structure for view `mitgliederUndSportarten`
--

/*!50001 DROP VIEW IF EXISTS `mitgliederUndSportarten`*/;
/*!50001 SET @saved_cs_client          = @@character_set_client */;
/*!50001 SET @saved_cs_results         = @@character_set_results */;
/*!50001 SET @saved_col_connection     = @@collation_connection */;
/*!50001 SET character_set_client      = utf8mb3 */;
/*!50001 SET character_set_results     = utf8mb3 */;
/*!50001 SET collation_connection      = utf8mb3_general_ci */;
/*!50001 CREATE ALGORITHM=UNDEFINED */
/*!50013 DEFINER=`root`@`localhost` SQL SECURITY DEFINER */
/*!50001 VIEW `mitgliederUndSportarten` AS select `m`.`Vorname` AS `Vorname`,`m`.`Nachname` AS `Nachname`,group_concat(`s`.`SportartName` separator ', ') AS `sports` from ((`mitglieder` `m` join `mitglieder_koennen_sportarten` `mks` on((`m`.`Mitgliedsnummer` = `mks`.`Mitgliedsnummer`))) join `sportarten` `s` on((`mks`.`Sportartnummer` = `s`.`Sportartnummer`))) group by `m`.`Mitgliedsnummer` */;
/*!50001 SET character_set_client      = @saved_cs_client */;
/*!50001 SET character_set_results     = @saved_cs_results */;
/*!50001 SET collation_connection      = @saved_col_connection */;
/*!40103 SET TIME_ZONE=@OLD_TIME_ZONE */;

/*!40101 SET SQL_MODE=@OLD_SQL_MODE */;
/*!40014 SET FOREIGN_KEY_CHECKS=@OLD_FOREIGN_KEY_CHECKS */;
/*!40014 SET UNIQUE_CHECKS=@OLD_UNIQUE_CHECKS */;
/*!40101 SET CHARACTER_SET_CLIENT=@OLD_CHARACTER_SET_CLIENT */;
/*!40101 SET CHARACTER_SET_RESULTS=@OLD_CHARACTER_SET_RESULTS */;
/*!40101 SET COLLATION_CONNECTION=@OLD_COLLATION_CONNECTION */;
/*!40111 SET SQL_NOTES=@OLD_SQL_NOTES */;

-- Dump completed on 2022-12-18 18:15:13
